area_fips,own_code,industry_code,agglvl_code,size_code,year,qtr,disclosure_code,area_title,own_title,industry_title,agglvl_title,size_title,qtrly_estabs_count,month1_emplvl,month2_emplvl,month3_emplvl,total_qtrly_wages,taxable_qtrly_wages,qtrly_contributions,avg_wkly_wage,lq_disclosure_code,lq_qtrly_estabs_count,lq_month1_emplvl,lq_month2_emplvl,lq_month3_emplvl,lq_total_qtrly_wages,lq_taxable_qtrly_wages,lq_qtrly_contributions,lq_avg_wkly_wage,oty_disclosure_code,oty_qtrly_estabs_count_chg,oty_qtrly_estabs_count_pct_chg,oty_month1_emplvl_chg,oty_month1_emplvl_pct_chg,oty_month2_emplvl_chg,oty_month2_emplvl_pct_chg,oty_month3_emplvl_chg,oty_month3_emplvl_pct_chg,oty_total_qtrly_wages_chg,oty_total_qtrly_wages_pct_chg,oty_taxable_qtrly_wages_chg,oty_taxable_qtrly_wages_pct_chg,oty_qtrly_contributions_chg,oty_qtrly_contributions_pct_chg,oty_avg_wkly_wage_chg,oty_avg_wkly_wage_pct_chg
11001,1,722511,78,0,2017,1,,District of Columbia,Federal Government,NAICS 722511 Full-service restaurants,"County, NAICS 6-digit -- by ownership sector",All establishment sizes,1,420,418,418,2156800,0,0,396,,2.1,27.41,26.57,27.13,16.01,0,0,0.59,,0,0,0,0,0,0,0,0,0,0,0,0,0,0,0,0
11001,1,722511,78,0,2017,2,,District of Columbia,Federal Government,NAICS 722511 Full-service restaurants,"County, NAICS 6-digit -- by ownership sector",All establishment sizes,1,420,418,418,2156800,0,0,396,,2.17,27.66,27.57,27.62,15.88,0,0,0.57,,0,0,0,0,0,0,0,0,0,0,0,0,0,0,0,0
11001,1,722511,78,0,2017,3,,District of Columbia,Federal Government,NAICS 722511 Full-service restaurants,"County, NAICS 6-digit -- by ownership sector",All establishment sizes,1,420,418,418,2156800,0,0,396,,2.11,27.19,26.43,26.87,15.03,0,0,0.56,,0,0,0,0,0,0,0,0,0,0,0,0,0,0,0,0
11001,1,722511,78,0,2017,4,,District of Columbia,Federal Government,NAICS 722511 Full-service restaurants,"County, NAICS 6-digit -- by ownership sector",All establishment sizes,1,420,418,418,2156800,0,0,396,,2.07,27.13,27.07,26.94,15.7,0,0,0.58,,0,0,0,0,0,0,0,0,0,0,0,0,0,0,0,0
11001,5,722511,78,0,2017,1,,District of Columbia,Private,NAICS 722511 Full-service restaurants,"County, NAICS 6-digit -- by ownership sector",All establishment sizes,894,26422,26831,27305,194750420,160487576,3274537,558,,0.92,0.95,0.96,0.96,0.8,1.64,1.99,0.83,,28,3.2,-133,-0.5,16,0.1,108,0.4,18744364,10.6,12123242,8.2,82394,2.6,54,10.7
11001,5,722511,78,0,2017,2,,District of Columbia,Private,NAICS 722511 Full-service restaurants,"County, NAICS 6-digit -- by ownership sector",All establishment sizes,885,28236,28799,28973,216660587,82268509,1725500,581,,0.91,0.98,0.99,0.99,0.87,2.3,2.38,0.88,,24,2.8,84,0.3,487,1.7,702,2.5,5837086,2.8,-5879297,-6.7,-186455,-9.8,7,1.2
11001,5,722511,78,0,2017,3,,District of Columbia,Private,NAICS 722511 Full-service restaurants,"County, NAICS 6-digit -- by ownership sector",All establishment sizes,919,28920,28531,28750,206917712,47871077,1036822,554,,0.92,0.98,0.97,1,0.78,1.63,1.72,0.79,,47,5.4,850,3,1105,4,1031,3.7,-31118,0,-3930535,-7.6,-121109,-10.5,-20,-3.5
11001,5,722511,78,0,2017,4,,District of Columbia,Private,NAICS 722511 Full-service restaurants,"County, NAICS 6-digit -- by ownership sector",All establishment sizes,948,29177,29077,28800,223050647,45602279,1017719,591,,0.93,1.02,1.03,1.02,0.9,1.8,2.02,0.88,,60,6.8,1585,5.7,1361,4.9,1575,5.8,12236024,5.8,2332397,5.4,38563,3.9,2,0.3
24031,5,722511,78,0,2017,1,,"Montgomery County, Maryland",Private,NAICS 722511 Full-service restaurants,"County, NAICS 6-digit -- by ownership sector",All establishment sizes,620,14607,14465,14648,83960234,72999269,678416,443,,0.76,0.85,0.84,0.84,0.7,1.07,0.69,0.83,,6,1,468,3.3,356,2.5,409,2.9,9443201,12.7,7133871,10.8,-36844,-5.2,38,9.4
24031,5,722511,78,0,2017,2,,"Montgomery County, Maryland",Private,NAICS 722511 Full-service restaurants,"County, NAICS 6-digit -- by ownership sector",All establishment sizes,625,14812,15058,15219,89443039,38865593,392723,458,,0.76,0.84,0.84,0.83,0.72,1.47,1.02,0.87,,7,1.1,463,3.2,514,3.5,405,2.7,6170675,7.4,-1021737,-2.6,-73978,-15.9,18,4.1
24031,5,722511,78,0,2017,3,,"Montgomery County, Maryland",Private,NAICS 722511 Full-service restaurants,"County, NAICS 6-digit -- by ownership sector",All establishment sizes,629,15099,15011,14566,87455216,22883712,253787,452,,0.77,0.84,0.85,0.83,0.72,1.12,0.81,0.86,,14,2.3,248,1.7,268,1.8,228,1.6,743714,0.9,-1163085,-4.8,-48120,-15.9,-3,-0.7
24031,5,722511,78,0,2017,4,,"Montgomery County, Maryland",Private,NAICS 722511 Full-service restaurants,"County, NAICS 6-digit -- by ownership sector",All establishment sizes,630,14422,14493,14596,89394270,19257673,237573,474,,0.77,0.82,0.83,0.84,0.71,1.13,0.94,0.86,,6,1,-78,-0.5,-96,-0.7,-68,-0.5,3869220,4.5,146368,0.8,-22190,-8.5,23,5.1
24033,1,722511,78,0,2017,1,,"Prince George's County, Maryland",Federal Government,NAICS 722511 Full-service restaurants,"County, NAICS 6-digit -- by ownership sector",All establishment sizes,1,25,25,24,101579,0,0,317,,5.14,3.94,3.81,3.76,3.14,0,0,0.82,,0,0,-7,-21.9,-7,-21.9,-7,-22.6,5366,5.6,0,0,0,0,83,35.5
24033,1,722511,78,0,2017,2,,"Prince George's County, Maryland",Federal Government,NAICS 722511 Full-service restaurants,"County, NAICS 6-digit -- by ownership sector",All establishment sizes,1,25,23,22,103822,0,0,342,,5.24,3.92,3.6,3.48,2.85,0,0,0.78,,0,0,-5,-16.7,-7,-23.3,-5,-18.5,-19177,-15.6,0,0,0,0,16,4.9
24033,1,722511,78,0,2017,3,,"Prince George's County, Maryland",Federal Government,NAICS 722511 Full-service restaurants,"County, NAICS 6-digit -- by ownership sector",All establishment sizes,1,23,25,22,112770,0,0,372,,5.3,3.59,3.77,3.39,3.07,0,0,0.86,,0,0,-4,-14.8,-4,-13.8,-8,-26.7,-5673,-4.8,0,0,0,0,54,17
24033,1,722511,78,0,2017,4,,"Prince George's County, Maryland",Federal Government,NAICS 722511 Full-service restaurants,"County, NAICS 6-digit -- by ownership sector",All establishment sizes,1,23,24,25,94896,0,0,304,,5.3,3.57,3.69,3.86,2.66,0,0,0.72,,0,0,-5,-17.9,-2,-7.7,-2,-7.4,-17456,-15.5,0,0,0,0,-16,-5
24033,5,722511,78,0,2017,1,,"Prince George's County, Maryland",Private,NAICS 722511 Full-service restaurants,"County, NAICS 6-digit -- by ownership sector",All establishment sizes,324,8503,8632,8786,43475070,38466729,524863,387,,0.82,0.74,0.74,0.75,0.74,0.92,0.73,1,,3,0.9,153,1.8,79,0.9,37,0.4,3471500,8.7,3125016,8.8,8887,1.7,27,7.5
24033,5,722511,78,0,2017,2,,"Prince George's County, Maryland",Private,NAICS 722511 Full-service restaurants,"County, NAICS 6-digit -- by ownership sector",All establishment sizes,324,8808,8750,8806,46337334,23179984,330091,406,,0.81,0.73,0.72,0.72,0.69,1.08,1.02,0.96,,-1,-0.3,63,0.7,-53,-0.6,-22,-0.2,2447051,5.6,-566048,-2.4,-38379,-10.4,22,5.7
24033,5,722511,78,0,2017,3,,"Prince George's County, Maryland",Private,NAICS 722511 Full-service restaurants,"County, NAICS 6-digit -- by ownership sector",All establishment sizes,324,8582,8558,8571,44623144,13550560,198644,401,,0.81,0.7,0.7,0.72,0.66,0.82,0.79,0.94,,0,0,-140,-1.6,-67,-0.8,-71,-0.8,-148021,-0.3,-905307,-6.3,-29161,-12.8,3,0.8
24033,5,722511,78,0,2017,4,,"Prince George's County, Maryland",Private,NAICS 722511 Full-service restaurants,"County, NAICS 6-digit -- by ownership sector",All establishment sizes,325,8538,8540,8422,44929425,11591321,183254,407,,0.82,0.72,0.71,0.71,0.69,0.78,0.89,0.97,,-2,-0.6,-18,-0.2,-47,-0.5,-76,-0.9,1950440,4.5,688333,6.3,14482,8.6,20,5.2
51013,1,722511,78,0,2017,1,,"Arlington County, Virginia",Federal Government,NAICS 722511 Full-service restaurants,"County, NAICS 6-digit -- by ownership sector",All establishment sizes,2,66,62,67,440571,0,0,521,,17.99,18.68,17.15,18.97,14.5,0,0,0.79,,0,0,-8,-10.8,-9,-12.7,-2,-2.9,-72561,-14.1,0,0,0,0,-32,-5.8
51013,1,722511,78,0,2017,2,,"Arlington County, Virginia",Federal Government,NAICS 722511 Full-service restaurants,"County, NAICS 6-digit -- by ownership sector",All establishment sizes,2,69,69,66,576599,0,0,652,,18.33,19.68,19.62,18.67,18.99,0,0,0.98,,0,0,-7,-9.2,-5,-6.8,-6,-8.3,-21183,-3.5,0,0,0,0,31,5
51013,1,722511,78,0,2017,3,,"Arlington County, Virginia",Federal Government,NAICS 722511 Full-service restaurants,"County, NAICS 6-digit -- by ownership sector",All establishment sizes,2,68,67,67,499916,0,0,571,,18.42,18.89,18.12,18.67,16.03,0,0,0.86,,0,0,-4,-5.6,-5,-6.9,-1,-1.5,-20455,-3.9,0,0,0,0,5,0.9
51013,1,722511,78,0,2017,4,,"Arlington County, Virginia",Federal Government,NAICS 722511 Full-service restaurants,"County, NAICS 6-digit -- by ownership sector",All establishment sizes,2,69,67,66,580653,0,0,663,,18.47,19.42,18.78,18.37,19.21,0,0,1.02,,0,0,-3,-4.2,-6,-8.2,-6,-8.3,-51225,-8.1,0,0,0,0,-9,-1.3
51013,5,722511,78,0,2017,1,,"Arlington County, Virginia",Private,NAICS 722511 Full-service restaurants,"County, NAICS 6-digit -- by ownership sector",All establishment sizes,256,6646,6663,6742,41993459,34242264,228056,483,,1.13,1.04,1.03,1.03,0.76,1.33,0.71,0.74,,-13,-4.8,-420,-5.9,-388,-5.5,-267,-3.8,2540766,6.4,535260,1.6,-21877,-8.8,52,12.1
51013,5,722511,78,0,2017,2,,"Arlington County, Virginia",Private,NAICS 722511 Full-service restaurants,"County, NAICS 6-digit -- by ownership sector",All establishment sizes,257,6761,6892,7098,44071466,16871292,122610,490,,1.12,1.02,1.02,1.03,0.79,2.13,1.36,0.77,,-15,-5.5,-444,-6.2,-277,-3.9,-199,-2.7,1142308,2.7,-2331174,-12.1,-32022,-20.7,33,7.2
51013,5,722511,78,0,2017,3,,"Arlington County, Virginia",Private,NAICS 722511 Full-service restaurants,"County, NAICS 6-digit -- by ownership sector",All establishment sizes,256,7050,7032,6885,44240930,10685101,90431,487,,1.12,1.02,1.03,1.04,0.77,1.48,1,0.75,,-9,-3.4,-285,-3.9,-194,-2.7,-223,-3.1,-1110920,-2.4,-1142453,-9.7,-28298,-23.8,4,0.8
51013,5,722511,78,0,2017,4,,"Arlington County, Virginia",Private,NAICS 722511 Full-service restaurants,"County, NAICS 6-digit -- by ownership sector",All establishment sizes,257,6974,6885,6888,44434128,8902233,85698,494,,1.12,1.07,1.05,1.05,0.81,1.58,1.2,0.77,,-5,-1.9,-149,-2.1,-73,-1,-70,-1,509291,1.2,-731857,-7.6,-19884,-18.8,12,2.5
51059,1,722511,78,0,2017,1,,"Fairfax County, Virginia",Federal Government,NAICS 722511 Full-service restaurants,"County, NAICS 6-digit -- by ownership sector",All establishment sizes,1,60,62,58,325428,0,0,417,,2.23,4.96,5.01,4.81,3.31,0,0,0.67,,0,0,-1,-1.6,6,10.7,0,0,13664,4.4,0,0,0,0,6,1.5
51059,1,722511,78,0,2017,2,,"Fairfax County, Virginia",Federal Government,NAICS 722511 Full-service restaurants,"County, NAICS 6-digit -- by ownership sector",All establishment sizes,1,63,63,61,449672,0,0,555,,2.28,5.3,5.29,5.07,4.55,0,0,0.87,,0,0,-1,-1.6,-1,-1.6,1,1.7,14384,3.3,0,0,0,0,21,3.9
51059,1,722511,78,0,2017,3,,"Fairfax County, Virginia",Federal Government,NAICS 722511 Full-service restaurants,"County, NAICS 6-digit -- by ownership sector",All establishment sizes,1,56,61,57,364494,0,0,483,,2.29,4.6,4.97,4.64,3.7,0,0,0.78,,0,0,-15,-21.1,0,0,-1,-1.7,-11461,-3,0,0,0,0,26,5.7
51059,1,722511,78,0,2017,4,,"Fairfax County, Virginia",Federal Government,NAICS 722511 Full-service restaurants,"County, NAICS 6-digit -- by ownership sector",All establishment sizes,1,66,63,68,483156,0,0,566,,2.29,5.4,5.14,5.52,4.88,0,0,0.91,,0,0,7,11.9,6,10.5,3,4.6,51086,11.8,0,0,0,0,15,2.7
51059,5,722511,78,0,2017,1,,"Fairfax County, Virginia",Private,NAICS 722511 Full-service restaurants,"County, NAICS 6-digit -- by ownership sector",All establishment sizes,813,20146,20153,20238,119795109,101057880,427771,457,,0.89,0.92,0.92,0.91,0.67,1.01,0.35,0.74,,14,1.8,-15,-0.1,-70,-0.3,-157,-0.8,7808483,7,4760987,4.9,-203929,-32.3,32,7.5
51059,5,722511,78,0,2017,2,,"Fairfax County, Virginia",Private,NAICS 722511 Full-service restaurants,"County, NAICS 6-digit -- by ownership sector",All establishment sizes,816,20152,20420,20647,123684274,48736372,244142,466,,0.88,0.9,0.89,0.88,0.68,1.53,0.68,0.76,,6,0.7,-202,-1,-268,-1.3,-254,-1.2,4503670,3.8,-2438394,-4.8,-121559,-33.2,22,5
51059,5,722511,78,0,2017,3,,"Fairfax County, Virginia",Private,NAICS 722511 Full-service restaurants,"County, NAICS 6-digit -- by ownership sector",All establishment sizes,821,20548,20301,19721,120895420,29162951,160473,461,,0.89,0.88,0.89,0.87,0.67,1.07,0.47,0.76,,21,2.6,-228,-1.1,-273,-1.3,-544,-2.7,-3830751,-3.1,-2403999,-7.6,-100611,-38.5,-6,-1.3
51059,5,722511,78,0,2017,4,,"Fairfax County, Virginia",Private,NAICS 722511 Full-service restaurants,"County, NAICS 6-digit -- by ownership sector",All establishment sizes,820,19633,19602,19866,125533884,23803560,157239,490,,0.89,0.87,0.87,0.88,0.7,1.05,0.55,0.8,,17,2.1,-709,-3.5,-833,-4.1,-524,-2.6,2350930,1.9,-1316827,-5.2,-61556,-28.1,25,5.4
51510,5,722511,78,0,2017,1,,"Alexandria City, Virginia",Private,NAICS 722511 Full-service restaurants,"County, NAICS 6-digit -- by ownership sector",All establishment sizes,159,4463,4488,4592,28092610,23027968,115602,479,,1,1.29,1.29,1.31,1.2,1.76,0.8,0.92,,1,0.6,108,2.5,141,3.2,190,4.3,3220410,12.9,2105637,10.1,-7133,-5.8,41,9.4
51510,5,722511,78,0,2017,2,,"Alexandria City, Virginia",Private,NAICS 722511 Full-service restaurants,"County, NAICS 6-digit -- by ownership sector",All establishment sizes,156,4704,4810,4884,30351459,11341392,66234,486,,0.98,1.34,1.35,1.34,1.19,2.37,1.31,0.88,,-2,-1.3,63,1.4,100,2.1,129,2.7,738474,2.5,-942264,-7.7,-24466,-27,2,0.4
51510,5,722511,78,0,2017,3,,"Alexandria City, Virginia",Private,NAICS 722511 Full-service restaurants,"County, NAICS 6-digit -- by ownership sector",All establishment sizes,158,4697,4656,4649,29780664,6941561,43499,491,,1,1.29,1.29,1.34,1.13,1.92,1.08,0.86,,1,0.6,-34,-0.7,-124,-2.6,72,1.6,-729503,-2.4,-678681,-8.9,-24762,-36.3,-9,-1.8
51510,5,722511,78,0,2017,4,,"Alexandria City, Virginia",Private,NAICS 722511 Full-service restaurants,"County, NAICS 6-digit -- by ownership sector",All establishment sizes,158,4617,4700,4683,29634575,5515218,33141,488,,1,1.33,1.36,1.35,1.15,1.81,0.95,0.85,,3,1.9,12,0.3,190,4.2,199,4.4,864722,3,-226162,-3.9,-21682,-39.5,0,0
11001,1,722511,78,0,2018,1,,District of Columbia,Federal Government,NAICS 722511 Full-service restaurants,"County, NAICS 6-digit -- by ownership sector",All establishment sizes,1,420,418,418,2156800,0,0,396,,2.17,28.67,27.42,27.77,16.53,0,0,0.59,,0,0,0,0,0,0,0,0,0,0,0,0,0,0,0,0
11001,1,722511,78,0,2018,2,,District of Columbia,Federal Government,NAICS 722511 Full-service restaurants,"County, NAICS 6-digit -- by ownership sector",All establishment sizes,1,420,418,418,2156800,0,0,396,,2.2,27.6,27.35,27.26,15.99,0,0,0.58,,0,0,0,0,0,0,0,0,0,0,0,0,0,0,0,0
11001,1,722511,78,0,2018,3,,District of Columbia,Federal Government,NAICS 722511 Full-service restaurants,"County, NAICS 6-digit -- by ownership sector",All establishment sizes,1,420,418,418,2156800,0,0,396,,2.16,27.19,27.07,26.92,15.27,0,0,0.56,,0,0,0,0,0,0,0,0,0,0,0,0,0,0,0,0
11001,1,722511,78,0,2018,4,,District of Columbia,Federal Government,NAICS 722511 Full-service restaurants,"County, NAICS 6-digit -- by ownership sector",All establishment sizes,1,420,418,418,2156800,0,0,396,,2.17,27.45,27.39,27.6,15.36,0,0,0.56,,0,0,0,0,0,0,0,0,0,0,0,0,0,0,0,0
11001,5,722511,78,0,2018,1,,District of Columbia,Private,NAICS 722511 Full-service restaurants,"County, NAICS 6-digit -- by ownership sector",All establishment sizes,943,27788,28214,28793,208109717,169740057,3426003,566,,0.97,0.99,1,1,0.83,1.68,2.06,0.83,,49,5.5,1366,5.2,1383,5.2,1488,5.4,13359297,6.9,9252481,5.8,151466,4.6,8,1.4
11001,5,722511,78,0,2018,2,,District of Columbia,Private,NAICS 722511 Full-service restaurants,"County, NAICS 6-digit -- by ownership sector",All establishment sizes,960,29380,30049,30249,236870781,86730500,1805688,610,,0.99,1.02,1.03,1.02,0.91,2.4,2.51,0.89,,75,8.5,1144,4.1,1250,4.3,1276,4.4,20210194,9.3,4461991,5.4,80188,4.6,29,5
11001,5,722511,78,0,2018,3,,District of Columbia,Private,NAICS 722511 Full-service restaurants,"County, NAICS 6-digit -- by ownership sector",All establishment sizes,977,30154,29804,29603,225448626,53258404,1155818,581,,0.99,1.01,1.02,1.03,0.82,1.75,1.86,0.8,,58,6.3,1234,4.3,1273,4.5,853,3,18530914,9,5387327,11.3,118996,11.5,27,4.9
11001,5,722511,78,0,2018,4,,District of Columbia,Private,NAICS 722511 Full-service restaurants,"County, NAICS 6-digit -- by ownership sector",All establishment sizes,977,29960,29762,29397,240002093,47029824,1045123,621,,0.99,1.05,1.05,1.03,0.88,1.8,2.06,0.85,,29,3.1,783,2.7,685,2.4,597,2.1,16951446,7.6,1427545,3.1,27404,2.7,30,5.1
24031,5,722511,78,0,2018,1,,"Montgomery County, Maryland",Private,NAICS 722511 Full-service restaurants,"County, NAICS 6-digit -- by ownership sector",All establishment sizes,624,14349,14201,14274,86093466,74207759,661940,464,,0.76,0.83,0.82,0.82,0.68,1.06,0.74,0.82,,4,0.6,-258,-1.8,-264,-1.8,-374,-2.6,2133232,2.5,1208490,1.7,-16476,-2.4,21,4.7
24031,5,722511,78,0,2018,2,,"Montgomery County, Maryland",Private,NAICS 722511 Full-service restaurants,"County, NAICS 6-digit -- by ownership sector",All establishment sizes,615,14406,14855,15097,91184148,38204914,367846,474,,0.75,0.82,0.83,0.83,0.71,1.45,1.04,0.86,,-10,-1.6,-406,-2.7,-203,-1.3,-122,-0.8,1741109,1.9,-660679,-1.7,-24877,-6.3,16,3.5
24031,5,722511,78,0,2018,3,,"Montgomery County, Maryland",Private,NAICS 722511 Full-service restaurants,"County, NAICS 6-digit -- by ownership sector",All establishment sizes,631,15050,15096,14681,92345126,24650166,264495,475,,0.77,0.84,0.86,0.83,0.74,1.21,0.91,0.88,,2,0.3,-49,-0.3,85,0.6,115,0.8,4889910,5.6,1766454,7.7,10708,4.2,23,5.1
24031,5,722511,78,0,2018,4,,"Montgomery County, Maryland",Private,NAICS 722511 Full-service restaurants,"County, NAICS 6-digit -- by ownership sector",All establishment sizes,627,14535,14574,14746,92573928,19289039,219766,487,,0.77,0.83,0.84,0.85,0.72,1.14,0.93,0.86,,-3,-0.5,113,0.8,81,0.6,150,1,3179658,3.6,31366,0.2,-17807,-7.5,13,2.7
24033,1,722511,78,0,2018,1,,"Prince George's County, Maryland",Federal Government,NAICS 722511 Full-service restaurants,"County, NAICS 6-digit -- by ownership sector",All establishment sizes,1,26,27,25,106509,0,0,315,,5.28,4.29,4.28,4.07,3.41,0,0,0.81,,0,0,1,4,2,8,1,4.2,4930,4.9,0,0,0,0,-2,-0.6
24033,1,722511,78,0,2018,2,,"Prince George's County, Maryland",Federal Government,NAICS 722511 Full-service restaurants,"County, NAICS 6-digit -- by ownership sector",All establishment sizes,1,25,25,25,99508,0,0,306,,5.32,3.96,3.94,3.95,2.74,0,0,0.69,,0,0,0,0,2,8.7,3,13.6,-4314,-4.2,0,0,0,0,-36,-10.5
24033,1,722511,78,0,2018,3,,"Prince George's County, Maryland",Federal Government,NAICS 722511 Full-service restaurants,"County, NAICS 6-digit -- by ownership sector",All establishment sizes,1,23,27,24,111403,0,0,347,,5.34,3.58,4.16,3.73,3.12,0,0,0.81,,0,0,0,0,2,8,2,9.1,-1367,-1.2,0,0,0,0,-25,-6.7
24033,1,722511,78,0,2018,4,,"Prince George's County, Maryland",Federal Government,NAICS 722511 Full-service restaurants,"County, NAICS 6-digit -- by ownership sector",All establishment sizes,1,25,24,25,93424,0,0,291,,5.34,3.94,3.75,3.94,2.68,0,0,0.69,,0,0,2,8.7,0,0,0,0,-1472,-1.6,0,0,0,0,-13,-4.3
24033,5,722511,78,0,2018,1,,"Prince George's County, Maryland",Private,NAICS 722511 Full-service restaurants,"County, NAICS 6-digit -- by ownership sector",All establishment sizes,319,8207,8289,8468,44088161,38882594,457519,408,,0.8,0.71,0.71,0.72,0.73,0.91,0.73,1.03,,-5,-1.5,-296,-3.5,-343,-4,-318,-3.6,613091,1.4,415865,1.1,-67344,-12.8,21,5.4
24033,5,722511,78,0,2018,2,,"Prince George's County, Maryland",Private,NAICS 722511 Full-service restaurants,"County, NAICS 6-digit -- by ownership sector",All establishment sizes,320,8488,8615,8560,46744964,22781242,289691,420,,0.8,0.71,0.71,0.7,0.67,1.09,1.04,0.95,,-4,-1.2,-320,-3.6,-135,-1.5,-246,-2.8,407630,0.9,-398742,-1.7,-40400,-12.2,14,3.4
24033,5,722511,78,0,2018,3,,"Prince George's County, Maryland",Private,NAICS 722511 Full-service restaurants,"County, NAICS 6-digit -- by ownership sector",All establishment sizes,323,8544,8641,8375,46872540,13545641,178539,423,,0.81,0.69,0.7,0.7,0.67,0.85,0.81,0.96,,-1,-0.3,-38,-0.4,83,1,-196,-2.3,2249396,5,-4919,0,-20105,-10.1,22,5.5
24033,5,722511,78,0,2018,4,,"Prince George's County, Maryland",Private,NAICS 722511 Full-service restaurants,"County, NAICS 6-digit -- by ownership sector",All establishment sizes,326,8036,7993,8002,45378764,10151342,130225,436,,0.81,0.68,0.67,0.67,0.67,0.7,0.73,1,,1,0.3,-502,-5.9,-547,-6.4,-420,-5,449339,1,-1439979,-12.4,-53029,-28.9,29,7.1
51013,1,722511,78,0,2018,1,,"Arlington County, Virginia",Federal Government,NAICS 722511 Full-service restaurants,"County, NAICS 6-digit -- by ownership sector",All establishment sizes,2,63,65,64,418965,0,0,504,,18.55,18.65,18.58,18.6,13.95,0,0,0.75,,0,0,-3,-4.5,3,4.8,-3,-4.5,-21606,-4.9,0,0,0,0,-17,-3.3
51013,1,722511,78,0,2018,2,,"Arlington County, Virginia",Federal Government,NAICS 722511 Full-service restaurants,"County, NAICS 6-digit -- by ownership sector",All establishment sizes,2,64,57,57,476025,0,0,617,,18.83,18.3,16.17,16.02,15.84,0,0,0.94,,0,0,-5,-7.2,-12,-17.4,-9,-13.6,-100574,-17.4,0,0,0,0,-35,-5.4
51013,1,722511,78,0,2018,3,,"Arlington County, Virginia",Federal Government,NAICS 722511 Full-service restaurants,"County, NAICS 6-digit -- by ownership sector",All establishment sizes,2,55,54,60,393104,0,0,537,,18.74,15.37,15.01,16.76,12.81,0,0,0.82,,0,0,-13,-19.1,-13,-19.4,-7,-10.4,-106812,-21.4,0,0,0,0,-34,-6
51013,1,722511,78,0,2018,4,,"Arlington County, Virginia",Federal Government,NAICS 722511 Full-service restaurants,"County, NAICS 6-digit -- by ownership sector",All establishment sizes,2,54,59,54,446011,0,0,616,,18.88,15.33,16.71,15.37,14.27,0,0,0.9,,0,0,-15,-21.7,-8,-11.9,-12,-18.2,-134642,-23.2,0,0,0,0,-47,-7.1
51013,5,722511,78,0,2018,1,,"Arlington County, Virginia",Private,NAICS 722511 Full-service restaurants,"County, NAICS 6-digit -- by ownership sector",All establishment sizes,252,6698,6699,6718,43710752,34784690,196723,501,,1.11,1.03,1.03,1.03,0.76,1.32,0.67,0.73,,-4,-1.6,52,0.8,36,0.5,-24,-0.4,1717293,4.1,542426,1.6,-31333,-13.7,18,3.7
51013,5,722511,78,0,2018,2,,"Arlington County, Virginia",Private,NAICS 722511 Full-service restaurants,"County, NAICS 6-digit -- by ownership sector",All establishment sizes,250,6830,6928,7031,46774892,16735082,104749,519,,1.11,1.03,1.03,1.03,0.81,2.11,1.41,0.79,,-7,-2.7,69,1,36,0.5,-67,-0.9,2703426,6.1,-136210,-0.8,-17861,-14.6,29,5.9
51013,5,722511,78,0,2018,3,,"Arlington County, Virginia",Private,NAICS 722511 Full-service restaurants,"County, NAICS 6-digit -- by ownership sector",All establishment sizes,250,6871,6845,6731,45237937,9669973,62206,511,,1.1,1,1,1.02,0.75,1.42,0.88,0.75,,-6,-2.3,-179,-2.5,-187,-2.7,-154,-2.2,997007,2.3,-1015128,-9.5,-28225,-31.2,24,4.9
51013,5,722511,78,0,2018,4,,"Arlington County, Virginia",Private,NAICS 722511 Full-service restaurants,"County, NAICS 6-digit -- by ownership sector",All establishment sizes,248,6652,6641,6490,45287455,8298652,65003,528,,1.09,1.01,1.01,0.98,0.75,1.46,1.11,0.75,,-9,-3.5,-322,-4.6,-244,-3.5,-398,-5.8,853327,1.9,-603581,-6.8,-20695,-24.1,34,6.9
51059,1,722511,78,0,2018,1,,"Fairfax County, Virginia",Federal Government,NAICS 722511 Full-service restaurants,"County, NAICS 6-digit -- by ownership sector",All establishment sizes,1,64,62,67,405597,0,0,485,,2.29,5.52,5.16,5.67,4.2,0,0,0.77,,0,0,4,6.7,0,0,9,15.5,80169,24.6,0,0,0,0,68,16.3
51059,1,722511,78,0,2018,2,,"Fairfax County, Virginia",Federal Government,NAICS 722511 Full-service restaurants,"County, NAICS 6-digit -- by ownership sector",All establishment sizes,1,68,66,69,530373,0,0,603,,2.32,5.66,5.43,5.63,5.37,0,0,0.97,,0,0,5,7.9,3,4.8,8,13.1,80701,17.9,0,0,0,0,48,8.6
51059,1,722511,78,0,2018,3,,"Fairfax County, Virginia",Federal Government,NAICS 722511 Full-service restaurants,"County, NAICS 6-digit -- by ownership sector",All establishment sizes,1,68,57,62,425929,0,0,526,,2.33,5.56,4.6,5.02,4.3,0,0,0.85,,0,0,12,21.4,-4,-6.6,5,8.8,61435,16.9,0,0,0,0,43,8.9
51059,1,722511,78,0,2018,4,,"Fairfax County, Virginia",Federal Government,NAICS 722511 Full-service restaurants,"County, NAICS 6-digit -- by ownership sector",All establishment sizes,1,67,60,62,505055,0,0,617,,2.33,5.53,4.94,5.12,5.22,0,0,1,,0,0,1,1.5,-3,-4.8,-6,-8.8,21899,4.5,0,0,0,0,51,9
51059,5,722511,78,0,2018,1,,"Fairfax County, Virginia",Private,NAICS 722511 Full-service restaurants,"County, NAICS 6-digit -- by ownership sector",All establishment sizes,820,20176,20076,20137,128003226,102904782,426158,489,,0.89,0.91,0.9,0.9,0.69,1,0.39,0.77,,7,0.9,30,0.1,-77,-0.4,-101,-0.5,8208117,6.9,1846902,1.8,-1613,-0.4,32,7
51059,5,722511,78,0,2018,2,,"Fairfax County, Virginia",Private,NAICS 722511 Full-service restaurants,"County, NAICS 6-digit -- by ownership sector",All establishment sizes,821,20061,20485,20816,132046817,48845657,249221,497,,0.89,0.88,0.88,0.88,0.7,1.53,0.8,0.79,,5,0.6,-91,-0.5,65,0.3,169,0.8,8362543,6.8,109285,0.2,5079,2.1,31,6.7
51059,5,722511,78,0,2018,3,,"Fairfax County, Virginia",Private,NAICS 722511 Full-service restaurants,"County, NAICS 6-digit -- by ownership sector",All establishment sizes,820,20736,20638,19947,128896178,28902034,166179,485,,0.89,0.88,0.88,0.87,0.67,1.05,0.56,0.76,,-1,-0.1,188,0.9,337,1.7,226,1.1,8000758,6.6,-260917,-0.9,5706,3.6,24,5.2
51059,5,722511,78,0,2018,4,,"Fairfax County, Virginia",Private,NAICS 722511 Full-service restaurants,"County, NAICS 6-digit -- by ownership sector",All establishment sizes,828,19791,19796,20060,134064879,24438243,145417,519,,0.9,0.87,0.88,0.88,0.71,1.04,0.57,0.81,,8,1,158,0.8,194,1,194,1,8530995,6.8,634683,2.7,-11822,-7.5,29,5.9
51510,5,722511,78,0,2018,1,,"Alexandria City, Virginia",Private,NAICS 722511 Full-service restaurants,"County, NAICS 6-digit -- by ownership sector",All establishment sizes,155,4549,4504,4613,28194081,23107207,83584,476,,1,1.35,1.34,1.36,1.21,1.79,0.67,0.9,,-4,-2.5,86,1.9,16,0.4,21,0.5,101471,0.4,79239,0.3,-32018,-27.7,-3,-0.6
51510,5,722511,78,0,2018,2,,"Alexandria City, Virginia",Private,NAICS 722511 Full-service restaurants,"County, NAICS 6-digit -- by ownership sector",All establishment sizes,157,4842,4995,5008,31104596,12558725,75888,484,,1.01,1.41,1.43,1.41,1.21,2.8,1.89,0.86,,1,0.6,138,2.9,185,3.8,124,2.5,753137,2.5,1217333,10.7,9654,14.6,-2,-0.4
51510,5,722511,78,0,2018,3,,"Alexandria City, Virginia",Private,NAICS 722511 Full-service restaurants,"County, NAICS 6-digit -- by ownership sector",All establishment sizes,160,4987,4982,4902,31355897,8075804,60820,487,,1.03,1.4,1.41,1.44,1.17,2.22,1.63,0.83,,2,1.3,290,6.2,326,7,253,5.4,1575233,5.3,1134243,16.3,17321,39.8,-4,-0.8
51510,5,722511,78,0,2018,4,,"Alexandria City, Virginia",Private,NAICS 722511 Full-service restaurants,"County, NAICS 6-digit -- by ownership sector",All establishment sizes,161,4782,4704,4725,30240619,5787730,47235,491,,1.03,1.42,1.4,1.4,1.12,1.91,1.49,0.8,,3,1.9,165,3.6,4,0.1,42,0.9,606044,2,272512,4.9,14094,42.5,3,0.6
11001,1,722511,78,0,2019,1,,District of Columbia,Federal Government,NAICS 722511 Full-service restaurants,"County, NAICS 6-digit -- by ownership sector",All establishment sizes,1,420,418,418,2156800,0,0,396,,2.18,30.01,28.83,29.32,17.47,0,0,0.59,,0,0,0,0,0,0,0,0,0,0,0,0,0,0,0,0
11001,1,722511,78,0,2019,2,,District of Columbia,Federal Government,NAICS 722511 Full-service restaurants,"County, NAICS 6-digit -- by ownership sector",All establishment sizes,1,420,418,418,2156800,0,0,396,,2.22,28.95,28.88,28.83,16.49,0,0,0.57,,0,0,0,0,0,0,0,0,0,0,0,0,0,0,0,0
11001,1,722511,78,0,2019,3,,District of Columbia,Federal Government,NAICS 722511 Full-service restaurants,"County, NAICS 6-digit -- by ownership sector",All establishment sizes,1,420,418,418,2156800,0,0,396,,2.14,28.77,29.45,29.63,15.88,0,0,0.54,,0,0,0,0,0,0,0,0,0,0,0,0,0,0,0,0
11001,1,722511,78,0,2019,4,,District of Columbia,Federal Government,NAICS 722511 Full-service restaurants,"County, NAICS 6-digit -- by ownership sector",All establishment sizes,1,420,418,418,2156800,0,0,396,,2.13,29.5,30.36,30.56,15.72,0,0,0.52,,0,0,0,0,0,0,0,0,0,0,0,0,0,0,0,0
11001,5,722511,78,0,2019,1,,District of Columbia,Private,NAICS 722511 Full-service restaurants,"County, NAICS 6-digit -- by ownership sector",All establishment sizes,984,28484,28783,29089,219465605,179451851,3604231,586,,1,1.02,1.02,1.02,0.87,1.74,2.15,0.85,,41,4.3,696,2.5,569,2,296,1,11355888,5.5,9711794,5.7,178228,5.2,20,3.5
11001,5,722511,78,0,2019,2,,District of Columbia,Private,NAICS 722511 Full-service restaurants,"County, NAICS 6-digit -- by ownership sector",All establishment sizes,993,30164,30356,30751,253764224,88240155,1836171,642,,1.02,1.05,1.05,1.05,0.94,2.41,2.54,0.9,,33,3.4,784,2.7,307,1,502,1.7,16893443,7.1,1509655,1.7,30483,1.7,32,5.2
11001,5,722511,78,0,2019,3,,District of Columbia,Private,NAICS 722511 Full-service restaurants,"County, NAICS 6-digit -- by ownership sector",All establishment sizes,1020,30386,29700,29597,238588065,51576568,1109550,614,,1.01,1.03,1.02,1.04,0.84,1.64,1.75,0.81,,43,4.4,232,0.8,-104,-0.3,-6,0,13139439,5.8,-1681836,-3.2,-46268,-4,33,5.7
11001,5,722511,78,0,2019,4,,District of Columbia,Private,NAICS 722511 Full-service restaurants,"County, NAICS 6-digit -- by ownership sector",All establishment sizes,1020,29750,29718,29552,251339251,45038050,976598,652,,1.01,1.04,1.05,1.04,0.9,1.7,1.89,0.86,,43,4.4,-210,-0.7,-44,-0.1,155,0.5,11337158,4.7,-1991774,-4.2,-68525,-6.6,31,5
24031,5,722511,78,0,2019,1,,"Montgomery County, Maryland",Private,NAICS 722511 Full-service restaurants,"County, NAICS 6-digit -- by ownership sector",All establishment sizes,626,14540,14346,14400,89032195,76552050,677100,475,,0.77,0.84,0.83,0.83,0.7,1.09,0.8,0.84,,2,0.3,191,1.3,145,1,126,0.9,2938729,3.4,2344291,3.2,15160,2.3,11,2.4
24031,5,722511,78,0,2019,2,,"Montgomery County, Maryland",Private,NAICS 722511 Full-service restaurants,"County, NAICS 6-digit -- by ownership sector",All establishment sizes,632,14449,14619,14853,94167593,37902001,362117,495,,0.78,0.82,0.82,0.82,0.71,1.46,1.12,0.87,,17,2.8,43,0.3,-236,-1.6,-244,-1.6,2983445,3.3,-302913,-0.8,-5729,-1.6,21,4.4
24031,5,722511,78,0,2019,3,,"Montgomery County, Maryland",Private,NAICS 722511 Full-service restaurants,"County, NAICS 6-digit -- by ownership sector",All establishment sizes,629,14806,14584,14174,93170946,22701141,241597,494,,0.78,0.83,0.84,0.81,0.72,1.13,0.91,0.87,,-2,-0.3,-244,-1.6,-512,-3.4,-507,-3.5,825820,0.9,-1949025,-7.9,-22898,-8.7,19,4
24031,5,722511,78,0,2019,4,,"Montgomery County, Maryland",Private,NAICS 722511 Full-service restaurants,"County, NAICS 6-digit -- by ownership sector",All establishment sizes,630,14548,14522,14666,96478988,19021810,208603,509,,0.78,0.84,0.84,0.85,0.74,1.11,0.93,0.87,,3,0.5,13,0.1,-52,-0.4,-80,-0.5,3905060,4.2,-267229,-1.4,-11163,-5.1,22,4.5
24033,1,722511,78,0,2019,1,,"Prince George's County, Maryland",Federal Government,NAICS 722511 Full-service restaurants,"County, NAICS 6-digit -- by ownership sector",All establishment sizes,1,21,21,17,99358,0,0,389,,5.3,3.62,3.51,2.88,3.36,0,0,1.01,,0,0,-5,-19.2,-6,-22.2,-8,-32,-7151,-6.7,0,0,0,0,74,23.5
24033,1,722511,78,0,2019,2,,"Prince George's County, Maryland",Federal Government,NAICS 722511 Full-service restaurants,"County, NAICS 6-digit -- by ownership sector",All establishment sizes,1,23,23,23,85415,0,0,286,,5.36,3.82,3.81,3.8,2.45,0,0,0.64,,0,0,-2,-8,-2,-8,-2,-8,-14093,-14.2,0,0,0,0,-20,-6.5
24033,1,722511,78,0,2019,3,,"Prince George's County, Maryland",Federal Government,NAICS 722511 Full-service restaurants,"County, NAICS 6-digit -- by ownership sector",All establishment sizes,1,17,23,23,71666,0,0,263,,5.33,2.82,3.91,3.97,2.05,0,0,0.58,,0,0,-6,-26.1,-4,-14.8,-1,-4.2,-39737,-35.7,0,0,0,0,-84,-24.2
24033,1,722511,78,0,2019,4,,"Prince George's County, Maryland",Federal Government,NAICS 722511 Full-service restaurants,"County, NAICS 6-digit -- by ownership sector",All establishment sizes,1,21,18,22,51641,0,0,195,,5.31,3.54,3.13,3.86,1.49,0,0,0.42,,0,0,-4,-16,-6,-25,-3,-12,-41783,-44.7,0,0,0,0,-96,-33
24033,5,722511,78,0,2019,1,,"Prince George's County, Maryland",Private,NAICS 722511 Full-service restaurants,"County, NAICS 6-digit -- by ownership sector",All establishment sizes,321,8029,8101,8111,44537656,38959513,412116,424,,0.8,0.69,0.69,0.69,0.73,0.9,0.7,1.06,,2,0.6,-178,-2.2,-188,-2.3,-357,-4.2,449495,1,76919,0.2,-45403,-9.9,16,3.9
24033,5,722511,78,0,2019,2,,"Prince George's County, Maryland",Private,NAICS 722511 Full-service restaurants,"County, NAICS 6-digit -- by ownership sector",All establishment sizes,320,8400,8474,8536,47767888,22257374,253260,434,,0.79,0.7,0.7,0.7,0.67,1.05,0.98,0.95,,0,0,-88,-1,-141,-1.6,-24,-0.3,1022924,2.2,-523868,-2.3,-36431,-12.6,14,3.3
24033,5,722511,78,0,2019,3,,"Prince George's County, Maryland",Private,NAICS 722511 Full-service restaurants,"County, NAICS 6-digit -- by ownership sector",All establishment sizes,323,8368,8266,8019,47182139,12999858,148931,442,,0.79,0.68,0.68,0.68,0.64,0.8,0.71,0.94,,0,0,-176,-2.1,-375,-4.3,-356,-4.3,309599,0.7,-545783,-4,-29608,-16.6,19,4.5
24033,5,722511,78,0,2019,4,,"Prince George's County, Maryland",Private,NAICS 722511 Full-service restaurants,"County, NAICS 6-digit -- by ownership sector",All establishment sizes,325,8111,8298,8381,47794384,10903831,127233,445,,0.8,0.68,0.7,0.71,0.67,0.74,0.74,0.97,,-1,-0.3,75,0.9,305,3.8,379,4.7,2415620,5.3,752489,7.4,-2992,-2.3,9,2.1
51013,1,722511,78,0,2019,1,,"Arlington County, Virginia",Federal Government,NAICS 722511 Full-service restaurants,"County, NAICS 6-digit -- by ownership sector",All establishment sizes,2,49,50,51,340351,0,0,524,,18.98,14.98,14.85,15.38,11.58,0,0,0.77,,0,0,-14,-22.2,-15,-23.1,-13,-20.3,-78614,-18.8,0,0,0,0,20,4
51013,1,722511,78,0,2019,2,,"Arlington County, Virginia",Federal Government,NAICS 722511 Full-service restaurants,"County, NAICS 6-digit -- by ownership sector",All establishment sizes,2,52,51,51,458738,0,0,687,,19.38,15.38,15.03,14.91,15.62,0,0,1.03,,0,0,-12,-18.8,-6,-10.5,-6,-10.5,-17287,-3.6,0,0,0,0,70,11.3
51013,1,722511,78,0,2019,3,,"Arlington County, Virginia",Federal Government,NAICS 722511 Full-service restaurants,"County, NAICS 6-digit -- by ownership sector",All establishment sizes,2,47,48,47,392375,0,0,638,,19.54,13.63,14.24,14.2,12.88,0,0,0.92,,0,0,-8,-14.5,-6,-11.1,-13,-21.7,-729,-0.2,0,0,0,0,101,18.8
51013,1,722511,78,0,2019,4,,"Arlington County, Virginia",Federal Government,NAICS 722511 Full-service restaurants,"County, NAICS 6-digit -- by ownership sector",All establishment sizes,2,48,47,50,481393,0,0,766,,19.39,14.35,14.46,15.48,15.1,0,0,1.02,,0,0,-6,-11.1,-12,-20.3,-4,-7.4,35382,7.9,0,0,0,0,150,24.4
51013,5,722511,78,0,2019,1,,"Arlington County, Virginia",Private,NAICS 722511 Full-service restaurants,"County, NAICS 6-digit -- by ownership sector",All establishment sizes,246,6141,5979,6197,39725687,32292175,149942,500,,1.09,0.94,0.91,0.93,0.66,1.19,0.71,0.71,,-6,-2.4,-557,-8.3,-720,-10.7,-521,-7.8,-3985065,-9.1,-2492515,-7.2,-46781,-23.8,-1,-0.2
51013,5,722511,78,0,2019,2,,"Arlington County, Virginia",Private,NAICS 722511 Full-service restaurants,"County, NAICS 6-digit -- by ownership sector",All establishment sizes,244,6229,6319,6470,43516418,15965246,106408,528,,1.09,0.93,0.93,0.93,0.72,1.99,1.56,0.77,,-6,-2.4,-601,-8.8,-609,-8.8,-561,-8,-3258474,-7,-769836,-4.6,1659,1.6,9,1.7
51013,5,722511,78,0,2019,3,,"Arlington County, Virginia",Private,NAICS 722511 Full-service restaurants,"County, NAICS 6-digit -- by ownership sector",All establishment sizes,244,6418,6398,6306,43363628,10100888,80746,523,,1.1,0.92,0.93,0.94,0.68,1.35,1.22,0.73,,-6,-2.4,-453,-6.6,-447,-6.5,-425,-6.3,-1874309,-4.1,430915,4.5,18540,29.8,12,2.3
51013,5,722511,78,0,2019,4,,"Arlington County, Virginia",Private,NAICS 722511 Full-service restaurants,"County, NAICS 6-digit -- by ownership sector",All establishment sizes,248,6314,6271,6301,43752220,8693552,82008,535,,1.11,0.94,0.94,0.94,0.67,1.45,1.48,0.71,,0,0,-338,-5.1,-370,-5.6,-189,-2.9,-1535235,-3.4,394900,4.8,17005,26.2,7,1.3
51059,1,722511,78,0,2019,1,,"Fairfax County, Virginia",Federal Government,NAICS 722511 Full-service restaurants,"County, NAICS 6-digit -- by ownership sector",All establishment sizes,1,56,57,53,359806,0,0,500,,2.36,5,4.94,4.68,3.82,0,0,0.78,,0,0,-8,-12.5,-5,-8.1,-14,-20.9,-45791,-11.3,0,0,0,0,15,3.1
51059,1,722511,78,0,2019,2,,"Fairfax County, Virginia",Federal Government,NAICS 722511 Full-service restaurants,"County, NAICS 6-digit -- by ownership sector",All establishment sizes,1,62,58,59,480976,0,0,620,,2.41,5.36,4.98,5.03,4.94,0,0,0.96,,0,0,-6,-8.8,-8,-12.1,-10,-14.5,-49397,-9.3,0,0,0,0,17,2.8
51059,1,722511,78,0,2019,3,,"Fairfax County, Virginia",Federal Government,NAICS 722511 Full-service restaurants,"County, NAICS 6-digit -- by ownership sector",All establishment sizes,2,59,53,58,424276,0,0,576,,4.85,5.07,4.61,5.13,4.35,0,0,0.88,,1,100,-9,-13.2,-4,-7,-4,-6.5,-1653,-0.4,0,0,0,0,50,9.5
51059,1,722511,78,0,2019,4,,"Fairfax County, Virginia",Federal Government,NAICS 722511 Full-service restaurants,"County, NAICS 6-digit -- by ownership sector",All establishment sizes,2,59,56,59,521966,0,0,692,,4.81,5.18,5.05,5.34,5.43,0,0,1.05,,1,100,-8,-11.9,-4,-6.7,-3,-4.8,16911,3.3,0,0,0,0,75,12.2
51059,5,722511,78,0,2019,1,,"Fairfax County, Virginia",Private,NAICS 722511 Full-service restaurants,"County, NAICS 6-digit -- by ownership sector",All establishment sizes,819,19825,19870,19937,132045425,103709234,392768,511,,0.91,0.89,0.88,0.88,0.68,0.99,0.43,0.77,,-1,-0.1,-351,-1.7,-206,-1,-200,-1,4042199,3.2,804452,0.8,-33390,-7.8,22,4.5
51059,5,722511,78,0,2019,2,,"Fairfax County, Virginia",Private,NAICS 722511 Full-service restaurants,"County, NAICS 6-digit -- by ownership sector",All establishment sizes,828,19968,20478,20901,137150202,48933410,221641,516,,0.92,0.87,0.88,0.88,0.69,1.5,0.83,0.78,,7,0.9,-93,-0.5,-7,0,85,0.4,5103385,3.9,87753,0.2,-27580,-11.1,19,3.8
51059,5,722511,78,0,2019,3,,"Fairfax County, Virginia",Private,NAICS 722511 Full-service restaurants,"County, NAICS 6-digit -- by ownership sector",All establishment sizes,820,20656,20359,19631,135919750,32016623,194456,517,,0.92,0.88,0.86,0.86,0.66,1.1,0.74,0.77,,0,0,-80,-0.4,-279,-1.4,-316,-1.6,7023572,5.4,3114589,10.8,28277,17,32,6.6
51059,5,722511,78,0,2019,4,,"Fairfax County, Virginia",Private,NAICS 722511 Full-service restaurants,"County, NAICS 6-digit -- by ownership sector",All establishment sizes,835,19747,19958,20075,139424389,24509450,140980,538,,0.93,0.87,0.88,0.88,0.71,1.03,0.65,0.81,,7,0.8,-44,-0.2,162,0.8,15,0.1,5359510,4,71207,0.3,-4437,-3.1,19,3.7
51510,5,722511,78,0,2019,1,,"Alexandria City, Virginia",Private,NAICS 722511 Full-service restaurants,"County, NAICS 6-digit -- by ownership sector",All establishment sizes,163,4735,4721,4796,29993443,24494136,119997,486,,1.07,1.42,1.42,1.43,1.29,1.88,1.13,0.91,,8,5.2,186,4.1,217,4.8,183,4,1799362,6.4,1386929,6,36413,43.6,10,2.1
51510,5,722511,78,0,2019,2,,"Alexandria City, Virginia",Private,NAICS 722511 Full-service restaurants,"County, NAICS 6-digit -- by ownership sector",All establishment sizes,164,4922,5126,5217,32425936,12250317,70120,490,,1.08,1.46,1.49,1.49,1.24,2.79,2,0.84,,7,4.5,80,1.7,131,2.6,209,4.2,1321340,4.2,-308408,-2.5,-5768,-7.6,6,1.2
51510,5,722511,78,0,2019,3,,"Alexandria City, Virginia",Private,NAICS 722511 Full-service restaurants,"County, NAICS 6-digit -- by ownership sector",All establishment sizes,161,5064,4969,4790,32426887,7805303,54782,505,,1.07,1.46,1.46,1.46,1.21,2.22,1.67,0.82,,1,0.6,77,1.5,-13,-0.3,-112,-2.3,1070990,3.4,-270501,-3.3,-6038,-9.9,18,3.7
51510,5,722511,78,0,2019,4,,"Alexandria City, Virginia",Private,NAICS 722511 Full-service restaurants,"County, NAICS 6-digit -- by ownership sector",All establishment sizes,164,4978,4896,4932,31924455,6030647,47682,498,,1.08,1.51,1.49,1.49,1.19,1.97,1.63,0.79,,3,1.9,196,4.1,192,4.1,207,4.4,1683836,5.6,242917,4.2,447,0.9,7,1.4
11001,1,722511,78,0,2020,1,,District of Columbia,Federal Government,NAICS 722511 Full-service restaurants,"County, NAICS 6-digit -- by ownership sector",All establishment sizes,1,420,418,418,2156800,0,0,396,,2.09,32.28,30.66,31.29,17.39,0,0,0.55,,0,0,0,0,0,0,0,0,0,0,0,0,0,0,0,0
11001,1,722511,78,0,2020,2,,District of Columbia,Federal Government,NAICS 722511 Full-service restaurants,"County, NAICS 6-digit -- by ownership sector",All establishment sizes,1,420,418,418,2156800,0,0,396,,2.13,31.5,32,33.16,19.78,0,0,0.61,,0,0,0,0,0,0,0,0,0,0,0,0,0,0,0,0
11001,1,722511,78,0,2020,3,,District of Columbia,Federal Government,NAICS 722511 Full-service restaurants,"County, NAICS 6-digit -- by ownership sector",All establishment sizes,1,420,418,418,2156800,0,0,396,,2.11,32.69,35.86,36.05,19.61,0,0,0.56,,0,0,0,0,0,0,0,0,0,0,0,0,0,0,0,0
11001,1,722511,78,0,2020,4,,District of Columbia,Federal Government,NAICS 722511 Full-service restaurants,"County, NAICS 6-digit -- by ownership sector",All establishment sizes,2,448,445,449,2326527,0,0,400,,4.22,39.02,39.89,42.14,21.19,0,0,0.53,,1,100,28,6.7,27,6.5,31,7.4,169727,7.9,0,0,0,0,4,1
11001,5,722511,78,0,2020,1,,District of Columbia,Private,NAICS 722511 Full-service restaurants,"County, NAICS 6-digit -- by ownership sector",All establishment sizes,1034,28674,28832,27981,222027720,179020211,3620110,599,,1.02,1.02,1.02,1.03,0.86,1.72,2.15,0.84,,50,5.1,190,0.7,49,0.2,-1108,-3.8,2562115,1.2,-431640,-0.2,15879,0.4,13,2.2
11001,5,722511,78,0,2020,2,,District of Columbia,Private,NAICS 722511 Full-service restaurants,"County, NAICS 6-digit -- by ownership sector",All establishment sizes,1008,6905,9177,11142,72653207,23072464,476966,616,,1.02,0.63,0.62,0.59,0.55,1.93,2.09,0.91,,15,1.5,-23259,-77.1,-21179,-69.8,-19609,-63.8,-181111017,-71.4,-65167691,-73.9,-1359205,-74,-26,-4
11001,5,722511,78,0,2020,3,,District of Columbia,Private,NAICS 722511 Full-service restaurants,"County, NAICS 6-digit -- by ownership sector",All establishment sizes,1021,13294,13659,14432,111806698,27144571,583581,623,,1.01,0.65,0.66,0.69,0.55,1.52,1.61,0.83,,1,0.1,-17092,-56.2,-16041,-54,-15165,-51.2,-126781367,-53.1,-24431997,-47.4,-525969,-47.4,9,1.5
11001,5,722511,78,0,2020,4,,District of Columbia,Private,NAICS 722511 Full-service restaurants,"County, NAICS 6-digit -- by ownership sector",All establishment sizes,1027,14910,14867,14049,127327604,21900788,486959,670,,1,0.7,0.71,0.73,0.61,1.46,1.71,0.85,,7,0.7,-14840,-49.9,-14851,-50,-15503,-52.5,-124011647,-49.3,-23137262,-51.4,-489639,-50.1,18,2.8
24031,5,722511,78,0,2020,1,,"Montgomery County, Maryland",Private,NAICS 722511 Full-service restaurants,"County, NAICS 6-digit -- by ownership sector",All establishment sizes,629,14042,14242,13217,90647462,77269320,621877,504,,0.78,0.82,0.83,0.81,0.7,1.1,0.8,0.85,,3,0.5,-498,-3.4,-104,-0.7,-1183,-8.2,1615267,1.8,717270,0.9,-55223,-8.2,29,6.1
24031,5,722511,78,0,2020,2,,"Montgomery County, Maryland",Private,NAICS 722511 Full-service restaurants,"County, NAICS 6-digit -- by ownership sector",All establishment sizes,606,5387,5938,7275,39094950,14124439,113376,485,,0.78,0.84,0.68,0.64,0.63,1.48,1.03,0.9,,-26,-4.1,-9062,-62.7,-8681,-59.4,-7578,-51,-55072643,-58.5,-23777562,-62.7,-248741,-68.7,-10,-2
24031,5,722511,78,0,2020,3,,"Montgomery County, Maryland",Private,NAICS 722511 Full-service restaurants,"County, NAICS 6-digit -- by ownership sector",All establishment sizes,598,9307,9499,9634,64202311,16885231,149021,521,,0.78,0.76,0.77,0.75,0.67,1.15,0.8,0.89,,-31,-4.9,-5499,-37.1,-5085,-34.9,-4540,-32,-28968635,-31.1,-5815910,-25.6,-92576,-38.3,27,5.5
24031,5,722511,78,0,2020,4,,"Montgomery County, Maryland",Private,NAICS 722511 Full-service restaurants,"County, NAICS 6-digit -- by ownership sector",All establishment sizes,603,9714,9455,9182,64436119,12261782,119570,524,,0.79,0.74,0.73,0.76,0.65,0.98,0.75,0.87,,-27,-4.3,-4834,-33.2,-5067,-34.9,-5484,-37.4,-32042869,-33.2,-6760028,-35.5,-89033,-42.7,15,2.9
24033,1,722511,78,0,2020,1,,"Prince George's County, Maryland",Federal Government,NAICS 722511 Full-service restaurants,"County, NAICS 6-digit -- by ownership sector",All establishment sizes,1,24,19,17,57805,0,0,222,,5.31,4.52,3.39,3.12,1.98,0,0,0.54,,0,0,3,14.3,-2,-9.5,0,0,-41553,-41.8,0,0,0,0,-167,-42.9
24033,1,722511,78,0,2020,2,,"Prince George's County, Maryland",Federal Government,NAICS 722511 Full-service restaurants,"County, NAICS 6-digit -- by ownership sector",All establishment sizes,1,2,5,7,14924,0,0,246,,5.41,0.39,0.97,1.39,0.54,0,0,0.59,,0,0,-21,-91.3,-18,-78.3,-16,-69.6,-70491,-82.5,0,0,0,0,-40,-14
24033,1,722511,78,0,2020,3,,"Prince George's County, Maryland",Federal Government,NAICS 722511 Full-service restaurants,"County, NAICS 6-digit -- by ownership sector",All establishment sizes,1,6,7,4,21198,0,0,288,,5.59,1.16,1.47,0.84,0.76,0,0,0.66,,0,0,-11,-64.7,-16,-69.6,-19,-82.6,-50468,-70.4,0,0,0,0,25,9.5
24033,1,722511,78,0,2020,4,,"Prince George's County, Maryland",Federal Government,NAICS 722511 Full-service restaurants,"County, NAICS 6-digit -- by ownership sector",All establishment sizes,1,11,8,7,23164,0,0,206,,5.61,2.31,1.71,1.57,0.86,0,0,0.46,,0,0,-10,-47.6,-10,-55.6,-15,-68.2,-28477,-55.1,0,0,0,0,11,5.6
24033,5,722511,78,0,2020,1,,"Prince George's County, Maryland",Private,NAICS 722511 Full-service restaurants,"County, NAICS 6-digit -- by ownership sector",All establishment sizes,335,8066,8509,8136,46697691,40676747,392860,436,,0.84,0.7,0.73,0.73,0.77,0.95,0.73,1.06,,14,4.4,37,0.5,408,5,25,0.3,2160035,4.8,1717234,4.4,-19256,-4.7,12,2.8
24033,5,722511,78,0,2020,2,,"Prince George's County, Maryland",Private,NAICS 722511 Full-service restaurants,"County, NAICS 6-digit -- by ownership sector",All establishment sizes,322,3321,3318,3957,19068621,7425224,72482,415,,0.82,0.78,0.57,0.53,0.57,1.09,0.88,0.95,,2,0.6,-5079,-60.5,-5156,-60.8,-4579,-53.6,-28699267,-60.1,-14832150,-66.6,-180778,-71.4,-19,-4.4
24033,5,722511,78,0,2020,3,,"Prince George's County, Maryland",Private,NAICS 722511 Full-service restaurants,"County, NAICS 6-digit -- by ownership sector",All establishment sizes,319,4965,5346,5668,31902972,10643599,111635,461,,0.83,0.6,0.63,0.66,0.62,0.99,0.76,0.99,,-4,-1.2,-3403,-40.7,-2920,-35.3,-2351,-29.3,-15279167,-32.4,-2356259,-18.1,-37296,-25,19,4.3
24033,5,722511,78,0,2020,4,,"Prince George's County, Maryland",Private,NAICS 722511 Full-service restaurants,"County, NAICS 6-digit -- by ownership sector",All establishment sizes,323,5929,5839,5590,34569456,8504164,93275,460,,0.84,0.67,0.67,0.69,0.67,0.95,0.8,0.99,,-2,-0.6,-2182,-26.9,-2459,-29.6,-2791,-33.3,-13224928,-27.7,-2399667,-22,-33958,-26.7,15,3.4
51013,1,722511,78,0,2020,1,,"Arlington County, Virginia",Federal Government,NAICS 722511 Full-service restaurants,"County, NAICS 6-digit -- by ownership sector",All establishment sizes,2,44,47,45,402440,0,0,683,,19.4,14.09,14.45,14.12,13.43,0,0,0.94,,0,0,-5,-10.2,-3,-6,-6,-11.8,62089,18.2,0,0,0,0,159,30.3
51013,1,722511,78,0,2020,2,,"Arlington County, Virginia",Federal Government,NAICS 722511 Full-service restaurants,"County, NAICS 6-digit -- by ownership sector",All establishment sizes,2,46,47,46,274395,0,0,456,,19.57,14.54,15.01,15.08,10.89,0,0,0.73,,0,0,-6,-11.5,-4,-7.8,-5,-9.8,-184343,-40.2,0,0,0,0,-231,-33.6
51013,1,722511,78,0,2020,3,,"Arlington County, Virginia",Federal Government,NAICS 722511 Full-service restaurants,"County, NAICS 6-digit -- by ownership sector",All establishment sizes,2,45,15,20,208421,0,0,601,,19.77,14.42,5.3,7.18,8.32,0,0,0.91,,0,0,-2,-4.3,-33,-68.8,-27,-57.4,-183954,-46.9,0,0,0,0,-37,-5.8
51013,1,722511,78,0,2020,4,,"Arlington County, Virginia",Federal Government,NAICS 722511 Full-service restaurants,"County, NAICS 6-digit -- by ownership sector",All establishment sizes,2,23,17,17,191736,0,0,776,,19.86,8.35,6.35,6.62,7.49,0,0,1.05,,0,0,-25,-52.1,-30,-63.8,-33,-66,-289657,-60.2,0,0,0,0,10,1.3
51013,5,722511,78,0,2020,1,,"Arlington County, Virginia",Private,NAICS 722511 Full-service restaurants,"County, NAICS 6-digit -- by ownership sector",All establishment sizes,246,6341,6247,5926,41018245,33325331,187299,511,,1.12,0.94,0.93,0.91,0.66,1.18,1.02,0.71,,0,0,200,3.3,268,4.5,-271,-4.4,1292558,3.3,1033156,3.2,37357,24.9,11,2.2
51013,5,722511,78,0,2020,2,,"Arlington County, Virginia",Private,NAICS 722511 Full-service restaurants,"County, NAICS 6-digit -- by ownership sector",All establishment sizes,248,1949,2539,3594,18684801,5901633,37886,534,,1.15,0.75,0.72,0.79,0.61,2.2,1.92,0.81,,4,1.6,-4280,-68.7,-3780,-59.8,-2876,-44.5,-24831617,-57.1,-10063613,-63,-68522,-64.4,6,1.1
51013,5,722511,78,0,2020,3,,"Arlington County, Virginia",Private,NAICS 722511 Full-service restaurants,"County, NAICS 6-digit -- by ownership sector",All establishment sizes,242,3998,4184,4277,28960063,7586463,60550,536,,1.12,0.8,0.83,0.85,0.63,1.71,1.62,0.76,,-2,-0.8,-2420,-37.7,-2214,-34.6,-2029,-32.2,-14403565,-33.2,-2514425,-24.9,-20196,-25,13,2.5
51013,5,722511,78,0,2020,4,,"Arlington County, Virginia",Private,NAICS 722511 Full-service restaurants,"County, NAICS 6-digit -- by ownership sector",All establishment sizes,249,4379,4434,4306,32131644,5890381,51925,565,,1.15,0.86,0.88,0.92,0.66,1.59,1.74,0.74,,1,0.4,-1935,-30.6,-1837,-29.3,-1995,-31.7,-11620576,-26.6,-2803171,-32.2,-30083,-36.7,30,5.6
51059,1,722511,78,0,2020,1,,"Fairfax County, Virginia",Federal Government,NAICS 722511 Full-service restaurants,"County, NAICS 6-digit -- by ownership sector",All establishment sizes,2,57,55,55,472677,0,0,653,,4.83,5.49,5.07,5.18,4.98,0,0,0.95,,1,100,1,1.8,-2,-3.5,2,3.8,112871,31.4,0,0,0,0,153,30.6
51059,1,722511,78,0,2020,2,,"Fairfax County, Virginia",Federal Government,NAICS 722511 Full-service restaurants,"County, NAICS 6-digit -- by ownership sector",All establishment sizes,2,61,58,57,397504,0,0,521,,4.84,5.76,5.51,5.51,5.06,0,0,0.9,,1,100,-1,-1.6,0,0,-2,-3.4,-83472,-17.4,0,0,0,0,-99,-16
51059,1,722511,78,0,2020,3,,"Fairfax County, Virginia",Federal Government,NAICS 722511 Full-service restaurants,"County, NAICS 6-digit -- by ownership sector",All establishment sizes,2,57,54,32,359580,0,0,580,,4.9,5.52,5.58,3.33,4.42,0,0,0.92,,0,0,-2,-3.4,1,1.9,-26,-44.8,-64696,-15.2,0,0,0,0,4,0.7
51059,1,722511,78,0,2020,4,,"Fairfax County, Virginia",Federal Government,NAICS 722511 Full-service restaurants,"County, NAICS 6-digit -- by ownership sector",All establishment sizes,2,32,33,32,266785,0,0,635,,4.95,3.35,3.53,3.57,3.35,0,0,0.96,,0,0,-27,-45.8,-23,-41.1,-27,-45.8,-255181,-48.9,0,0,0,0,-57,-8.2
51059,5,722511,78,0,2020,1,,"Fairfax County, Virginia",Private,NAICS 722511 Full-service restaurants,"County, NAICS 6-digit -- by ownership sector",All establishment sizes,843,19556,19580,18710,132967251,103937884,419291,530,,0.96,0.87,0.87,0.87,0.67,0.99,0.57,0.77,,24,2.9,-269,-1.4,-290,-1.5,-1227,-6.2,921826,0.7,228650,0.2,26523,6.8,19,3.7
51059,5,722511,78,0,2020,2,,"Fairfax County, Virginia",Private,NAICS 722511 Full-service restaurants,"County, NAICS 6-digit -- by ownership sector",All establishment sizes,831,7378,8701,11656,58535983,17682961,80766,487,,0.95,0.85,0.74,0.75,0.62,1.37,0.91,0.8,,3,0.4,-12590,-63.1,-11777,-57.5,-9245,-44.2,-78614219,-57.3,-31250449,-63.9,-140875,-63.6,-29,-5.6
51059,5,722511,78,0,2020,3,,"Fairfax County, Virginia",Private,NAICS 722511 Full-service restaurants,"County, NAICS 6-digit -- by ownership sector",All establishment sizes,834,13301,13831,14053,94478128,23120745,132598,529,,0.95,0.81,0.81,0.81,0.63,1.11,0.83,0.78,,14,1.7,-7355,-35.6,-6528,-32.1,-5578,-28.4,-41441622,-30.5,-8895878,-27.8,-61858,-31.8,12,2.3
51059,5,722511,78,0,2020,4,,"Fairfax County, Virginia",Private,NAICS 722511 Full-service restaurants,"County, NAICS 6-digit -- by ownership sector",All establishment sizes,841,14213,14333,14417,103112872,18301534,111956,554,,0.96,0.81,0.82,0.89,0.67,1,0.8,0.81,,6,0.7,-5534,-28,-5625,-28.2,-5658,-28.2,-36311517,-26,-6207916,-25.3,-29024,-20.6,16,3
51510,5,722511,78,0,2020,1,,"Alexandria City, Virginia",Private,NAICS 722511 Full-service restaurants,"County, NAICS 6-digit -- by ownership sector",All establishment sizes,166,4846,4761,4562,29348537,23861827,89633,478,,1.12,1.5,1.47,1.47,1.32,1.94,0.98,0.89,,3,1.8,111,2.3,40,0.8,-234,-4.9,-644906,-2.2,-632309,-2.6,-30364,-25.3,-8,-1.6
51510,5,722511,78,0,2020,2,,"Alexandria City, Virginia",Private,NAICS 722511 Full-service restaurants,"County, NAICS 6-digit -- by ownership sector",All establishment sizes,165,1670,2379,2924,14694207,5048317,28071,486,,1.13,1.37,1.42,1.34,1.21,3.27,2.41,0.89,,1,0.6,-3252,-66.1,-2747,-53.6,-2293,-44,-17731729,-54.7,-7202000,-58.8,-42049,-60,-4,-0.8
51510,5,722511,78,0,2020,3,,"Alexandria City, Virginia",Private,NAICS 722511 Full-service restaurants,"County, NAICS 6-digit -- by ownership sector",All establishment sizes,163,3207,3342,3402,22782804,6018117,23495,528,,1.11,1.34,1.38,1.4,1.22,2.34,0.91,0.89,,2,1.2,-1857,-36.7,-1627,-32.7,-1388,-29,-9644083,-29.7,-1787186,-22.9,-31287,-57.1,23,4.6
51510,5,722511,78,0,2020,4,,"Alexandria City, Virginia",Private,NAICS 722511 Full-service restaurants,"County, NAICS 6-digit -- by ownership sector",All establishment sizes,165,3258,3444,3297,22490513,4294830,22480,519,,1.12,1.32,1.4,1.45,1.14,2.11,1.24,0.82,,1,0.6,-1720,-34.6,-1452,-29.7,-1635,-33.2,-9433942,-29.6,-1735817,-28.8,-25202,-52.9,21,4.2
11001,1,722511,78,0,2021,1,,District of Columbia,Federal Government,NAICS 722511 Full-service restaurants,"County, NAICS 6-digit -- by ownership sector",All establishment sizes,2,448,447,452,2341794,0,0,401,,4.29,44.79,42.02,43.38,23.74,0,0,0.55,,1,100,28,6.7,29,6.9,34,8.1,184994,8.6,0,0,0,0,5,1.3
11001,1,722511,78,0,2021,2,,District of Columbia,Federal Government,NAICS 722511 Full-service restaurants,"County, NAICS 6-digit -- by ownership sector",All establishment sizes,2,451,450,449,2367369,0,0,405,,4.36,43.5,44.29,43.85,23.82,0,0,0.54,,1,100,31,7.4,32,7.7,31,7.4,210569,9.8,0,0,0,0,9,2.3
11001,1,722511,78,0,2021,3,,District of Columbia,Federal Government,NAICS 722511 Full-service restaurants,"County, NAICS 6-digit -- by ownership sector",All establishment sizes,2,448,447,445,2429954,0,0,418,,4.26,42.76,43.61,43.33,23.44,0,0,0.54,,1,100,28,6.7,29,6.9,27,6.5,273154,12.7,0,0,0,0,22,5.6
11001,1,722511,78,0,2021,4,,District of Columbia,Federal Government,NAICS 722511 Full-service restaurants,"County, NAICS 6-digit -- by ownership sector",All establishment sizes,2,448,443,448,2403368,0,0,414,,4.27,44.11,43.11,46.99,23.07,0,0,0.52,,0,0,0,0,-2,-0.4,-1,-0.2,76841,3.3,0,0,0,0,14,3.5
11001,5,722511,78,0,2021,1,,District of Columbia,Private,NAICS 722511 Full-service restaurants,"County, NAICS 6-digit -- by ownership sector",All establishment sizes,1005,11331,13343,14653,100108442,80347550,1786774,587,,1,0.6,0.66,0.7,0.52,1.13,1.37,0.79,,-29,-2.8,-17343,-60.5,-15489,-53.7,-13328,-47.6,-121919278,-54.9,-98672661,-55.1,-1833336,-50.6,-12,-2
11001,5,722511,78,0,2021,2,,District of Columbia,Private,NAICS 722511 Full-service restaurants,"County, NAICS 6-digit -- by ownership sector",All establishment sizes,1018,16821,18218,20174,172731611,70442267,1592028,722,,1.01,0.76,0.79,0.83,0.66,2.51,2.37,0.83,,10,1,9916,143.6,9041,98.5,9032,81.1,100078404,137.7,47369803,205.3,1115062,233.8,106,17.2
11001,5,722511,78,0,2021,3,,District of Columbia,Private,NAICS 722511 Full-service restaurants,"County, NAICS 6-digit -- by ownership sector",All establishment sizes,1022,21408,21956,22268,211919590,62908225,1438720,745,,0.99,0.85,0.88,0.9,0.75,2.04,1.96,0.85,,1,0.1,8114,61,8297,60.7,7836,54.3,100112892,89.5,35763654,131.8,855139,146.5,122,19.6
11001,5,722511,78,0,2021,4,,District of Columbia,Private,NAICS 722511 Full-service restaurants,"County, NAICS 6-digit -- by ownership sector",All establishment sizes,1029,23365,23851,24202,245752557,54715709,1258540,794,,0.98,0.94,0.95,0.97,0.83,1.98,1.98,0.88,,2,0.2,8455,56.7,8984,60.4,10153,72.3,118424953,93,32814921,149.8,771581,158.4,124,18.5
24031,5,722511,78,0,2021,1,,"Montgomery County, Maryland",Private,NAICS 722511 Full-service restaurants,"County, NAICS 6-digit -- by ownership sector",All establishment sizes,591,7796,8446,9190,52819953,43790586,1207341,479,,0.77,0.67,0.68,0.7,0.49,0.89,0.9,0.72,,-38,-6,-6246,-44.5,-5796,-40.7,-4027,-30.5,-37827509,-41.7,-33478734,-43.3,585464,94.1,-25,-5
24031,5,722511,78,0,2021,2,,"Montgomery County, Maryland",Private,NAICS 722511 Full-service restaurants,"County, NAICS 6-digit -- by ownership sector",All establishment sizes,603,9928,10564,11117,78530517,32818868,909092,573,,0.79,0.72,0.73,0.74,0.63,1.48,1.3,0.85,,-3,-0.5,4541,84.3,4626,77.9,3842,52.8,39435567,100.9,18694429,132.4,795716,701.8,88,18.1
24031,5,722511,78,0,2021,3,,"Montgomery County, Maryland",Private,NAICS 722511 Full-service restaurants,"County, NAICS 6-digit -- by ownership sector",All establishment sizes,601,11764,11821,11488,91732491,25760374,724868,604,,0.79,0.77,0.78,0.76,0.68,1.24,1.1,0.88,,3,0.5,2457,26.4,2322,24.4,1854,19.2,27530180,42.9,8875143,52.6,575847,386.4,83,15.9
24031,5,722511,78,0,2021,4,,"Montgomery County, Maryland",Private,NAICS 722511 Full-service restaurants,"County, NAICS 6-digit -- by ownership sector",All establishment sizes,620,11674,11857,11886,95489742,20099943,555698,622,,0.81,0.77,0.78,0.77,0.68,1.16,1.07,0.88,,17,2.8,1960,20.2,2402,25.4,2704,29.4,31053623,48.2,7838161,63.9,436128,364.7,98,18.7
24033,1,722511,78,0,2021,1,,"Prince George's County, Maryland",Federal Government,NAICS 722511 Full-service restaurants,"County, NAICS 6-digit -- by ownership sector",All establishment sizes,1,4,5,11,14638,0,0,169,,5.71,0.96,1.13,2.54,0.63,0,0,0.41,,0,0,-20,-83.3,-14,-73.7,-6,-35.3,-43167,-74.7,0,0,0,0,-53,-23.9
24033,1,722511,78,0,2021,2,,"Prince George's County, Maryland",Federal Government,NAICS 722511 Full-service restaurants,"County, NAICS 6-digit -- by ownership sector",All establishment sizes,1,13,11,13,30650,0,0,191,,5.81,2.98,2.57,3.03,1.21,0,0,0.42,,0,0,11,550,6,120,6,85.7,15726,105.4,0,0,0,0,-55,-22.4
24033,1,722511,78,0,2021,3,,"Prince George's County, Maryland",Federal Government,NAICS 722511 Full-service restaurants,"County, NAICS 6-digit -- by ownership sector",All establishment sizes,1,8,10,13,24792,0,0,185,,5.82,1.83,2.33,3.05,0.95,0,0,0.4,,0,0,2,33.3,3,42.9,9,225,3594,17,0,0,0,0,-103,-35.8
24033,1,722511,78,0,2021,4,,"Prince George's County, Maryland",Federal Government,NAICS 722511 Full-service restaurants,"County, NAICS 6-digit -- by ownership sector",All establishment sizes,1,14,14,14,48788,0,0,268,,5.88,3.37,3.31,3.54,1.89,0,0,0.56,,0,0,3,27.3,6,75,7,100,25624,110.6,0,0,0,0,62,30.1
24033,5,722511,78,0,2021,1,,"Prince George's County, Maryland",Private,NAICS 722511 Full-service restaurants,"County, NAICS 6-digit -- by ownership sector",All establishment sizes,317,4305,5373,5691,29155410,24404514,720080,438,,0.84,0.55,0.64,0.65,0.64,0.84,0.85,1.04,,-18,-5.4,-3761,-46.6,-3136,-36.9,-2445,-30.1,-17542281,-37.6,-16272233,-40,327220,83.3,2,0.5
24033,5,722511,78,0,2021,2,,"Prince George's County, Maryland",Private,NAICS 722511 Full-service restaurants,"County, NAICS 6-digit -- by ownership sector",All establishment sizes,331,6290,6599,6924,42402526,19876010,598081,494,,0.88,0.68,0.68,0.68,0.63,1.24,1.12,0.93,,9,2.8,2969,89.4,3281,98.9,2967,75,23333905,122.4,12450786,167.7,525599,725.1,79,19
24033,5,722511,78,0,2021,3,,"Prince George's County, Maryland",Private,NAICS 722511 Full-service restaurants,"County, NAICS 6-digit -- by ownership sector",All establishment sizes,329,7307,7213,7087,48136626,15852773,479965,514,,0.87,0.69,0.69,0.69,0.67,1.12,0.98,0.97,,10,3.1,2342,47.2,1867,34.9,1419,25,16233654,50.9,5209174,48.9,368330,329.9,53,11.5
24033,5,722511,78,0,2021,4,,"Prince George's County, Maryland",Private,NAICS 722511 Full-service restaurants,"County, NAICS 6-digit -- by ownership sector",All establishment sizes,333,7014,7157,7142,47707365,11700708,338389,517,,0.88,0.69,0.7,0.69,0.65,0.95,0.92,0.95,,10,3.1,1085,18.3,1318,22.6,1552,27.8,13137909,38,3196544,37.6,245114,262.8,57,12.4
51013,1,722511,78,0,2021,1,,"Arlington County, Virginia",Federal Government,NAICS 722511 Full-service restaurants,"County, NAICS 6-digit -- by ownership sector",All establishment sizes,2,15,39,38,139934,0,0,351,,19.96,6.18,15.19,15.16,6.14,0,0,0.5,,0,0,-29,-65.9,-8,-17,-7,-15.6,-262506,-65.2,0,0,0,0,-332,-48.6
51013,1,722511,78,0,2021,2,,"Arlington County, Virginia",Federal Government,NAICS 722511 Full-service restaurants,"County, NAICS 6-digit -- by ownership sector",All establishment sizes,2,16,15,18,122696,0,0,578,,20.35,6.42,6.15,7.31,5.39,0,0,0.81,,0,0,-30,-65.2,-32,-68.1,-28,-60.9,-151699,-55.3,0,0,0,0,122,26.8
51013,1,722511,78,0,2021,3,,"Arlington County, Virginia",Federal Government,NAICS 722511 Full-service restaurants,"County, NAICS 6-digit -- by ownership sector",All establishment sizes,2,29,32,33,276224,0,0,678,,20.13,11.53,13.03,13.67,11.98,0,0,0.94,,0,0,-16,-35.6,17,113.3,13,65,67803,32.5,0,0,0,0,77,12.8
51013,1,722511,78,0,2021,4,,"Arlington County, Virginia",Federal Government,NAICS 722511 Full-service restaurants,"County, NAICS 6-digit -- by ownership sector",All establishment sizes,2,32,29,25,193981,0,0,521,,20.23,13.72,12.3,11.42,8.46,0,0,0.68,,0,0,9,39.1,12,70.6,8,47.1,2245,1.2,0,0,0,0,-255,-32.9
51013,5,722511,78,0,2021,1,,"Arlington County, Virginia",Private,NAICS 722511 Full-service restaurants,"County, NAICS 6-digit -- by ownership sector",All establishment sizes,250,4241,4323,4479,29388057,23046742,172766,520,,1.16,0.93,0.89,0.88,0.66,1.14,0.93,0.73,,4,1.6,-2100,-33.1,-1924,-30.8,-1447,-24.4,-11630188,-28.4,-10278589,-30.8,-14533,-7.8,9,1.8
51013,5,722511,78,0,2021,2,,"Arlington County, Virginia",Private,NAICS 722511 Full-service restaurants,"County, NAICS 6-digit -- by ownership sector",All establishment sizes,250,4693,4887,5289,38866660,13831659,117733,603,,1.16,0.88,0.88,0.91,0.65,2.14,1.71,0.73,,2,0.8,2744,140.8,2348,92.5,1695,47.2,20181859,108,7930026,134.4,79847,210.8,69,12.9
51013,5,722511,78,0,2021,3,,"Arlington County, Virginia",Private,NAICS 722511 Full-service restaurants,"County, NAICS 6-digit -- by ownership sector",All establishment sizes,253,5564,5575,5495,43962925,11421635,108322,610,,1.16,0.92,0.93,0.94,0.7,1.67,1.48,0.75,,11,4.5,1566,39.2,1391,33.2,1218,28.5,15002862,51.8,3835172,50.6,47772,78.9,74,13.8
51013,5,722511,78,0,2021,4,,"Arlington County, Virginia",Private,NAICS 722511 Full-service restaurants,"County, NAICS 6-digit -- by ownership sector",All establishment sizes,258,5547,5588,5598,48138579,9629843,106795,664,,1.17,0.97,0.97,0.97,0.74,1.68,1.73,0.76,,9,3.6,1168,26.7,1154,26,1292,30,16006935,49.8,3739462,63.5,54870,105.7,99,17.5
51059,1,722511,78,0,2021,1,,"Fairfax County, Virginia",Federal Government,NAICS 722511 Full-service restaurants,"County, NAICS 6-digit -- by ownership sector",All establishment sizes,2,35,48,25,283081,0,0,605,,4.97,4.13,5.35,2.84,3.73,0,0,0.91,,0,0,-22,-38.6,-7,-12.7,-30,-54.5,-189596,-40.1,0,0,0,0,-48,-7.4
51059,1,722511,78,0,2021,2,,"Fairfax County, Virginia",Federal Government,NAICS 722511 Full-service restaurants,"County, NAICS 6-digit -- by ownership sector",All establishment sizes,2,45,21,21,212772,0,0,564,,5.04,5.15,2.45,2.43,2.92,0,0,0.87,,0,0,-16,-26.2,-37,-63.8,-36,-63.2,-184732,-46.5,0,0,0,0,43,8.3
51059,1,722511,78,0,2021,3,,"Fairfax County, Virginia",Federal Government,NAICS 722511 Full-service restaurants,"County, NAICS 6-digit -- by ownership sector",All establishment sizes,2,21,20,19,278508,0,0,1071,,5.01,2.41,2.32,2.24,3.56,0,0,1.53,,0,0,-36,-63.2,-34,-63,-13,-40.6,-81072,-22.5,0,0,0,0,491,84.7
51059,1,722511,78,0,2021,4,,"Fairfax County, Virginia",Federal Government,NAICS 722511 Full-service restaurants,"County, NAICS 6-digit -- by ownership sector",All establishment sizes,2,15,10,16,313071,0,0,1762,,5.04,1.79,1.18,2.03,4.05,0,0,2.44,,0,0,-17,-53.1,-23,-69.7,-16,-50,46286,17.3,0,0,0,0,1127,177.5
51059,5,722511,78,0,2021,1,,"Fairfax County, Virginia",Private,NAICS 722511 Full-service restaurants,"County, NAICS 6-digit -- by ownership sector",All establishment sizes,841,14283,14340,14710,99108948,77430547,625589,528,,0.97,0.9,0.84,0.83,0.67,0.98,0.85,0.78,,-2,-0.2,-5273,-27,-5240,-26.8,-4000,-21.4,-33858303,-25.5,-26507337,-25.5,206298,49.2,-2,-0.4
51059,5,722511,78,0,2021,2,,"Fairfax County, Virginia",Private,NAICS 722511 Full-service restaurants,"County, NAICS 6-digit -- by ownership sector",All establishment sizes,846,15247,15809,17001,123416656,41754826,369877,593,,0.97,0.82,0.81,0.83,0.64,1.45,1.21,0.78,,15,1.8,7869,106.7,7108,81.7,5345,45.9,64880673,110.8,24071865,136.1,289111,358,106,21.8
51059,5,722511,78,0,2021,3,,"Fairfax County, Virginia",Private,NAICS 722511 Full-service restaurants,"County, NAICS 6-digit -- by ownership sector",All establishment sizes,876,17645,17349,16912,141621842,34649014,347564,630,,1,0.84,0.82,0.83,0.66,1.18,1.08,0.8,,42,5,4344,32.7,3518,25.4,2859,20.3,47143714,49.9,11528269,49.9,214966,162.1,101,19.1
51059,5,722511,78,0,2021,4,,"Fairfax County, Virginia",Private,NAICS 722511 Full-service restaurants,"County, NAICS 6-digit -- by ownership sector",All establishment sizes,897,17309,17535,17795,150827540,28216038,307663,661,,1.01,0.84,0.85,0.86,0.69,1.09,1.08,0.81,,56,6.7,3096,21.8,3202,22.3,3378,23.4,47714668,46.3,9914504,54.2,195707,174.8,107,19.3
51510,5,722511,78,0,2021,1,,"Alexandria City, Virginia",Private,NAICS 722511 Full-service restaurants,"County, NAICS 6-digit -- by ownership sector",All establishment sizes,165,3316,3341,3604,22186275,17972345,157672,499,,1.13,1.51,1.42,1.47,1.36,2.03,1.74,0.93,,-1,-0.6,-1530,-31.6,-1420,-29.8,-958,-21,-7162262,-24.4,-5889482,-24.7,68039,75.9,21,4.4
51510,5,722511,78,0,2021,2,,"Alexandria City, Virginia",Private,NAICS 722511 Full-service restaurants,"County, NAICS 6-digit -- by ownership sector",All establishment sizes,167,3864,4045,4303,29792685,11303806,110132,563,,1.14,1.5,1.5,1.52,1.26,3.04,2.6,0.84,,2,1.2,2194,131.4,1666,70,1379,47.2,15098478,102.8,6255489,123.9,82061,292.3,77,15.8
51510,5,722511,78,0,2021,3,,"Alexandria City, Virginia",Private,NAICS 722511 Full-service restaurants,"County, NAICS 6-digit -- by ownership sector",All establishment sizes,167,4440,4447,4335,34679315,9011506,86185,605,,1.12,1.51,1.53,1.53,1.35,2.61,2.05,0.88,,4,2.5,1233,38.4,1105,33.1,933,27.4,11896511,52.2,2993389,49.7,62690,266.8,77,14.6
51510,5,722511,78,0,2021,4,,"Alexandria City, Virginia",Private,NAICS 722511 Full-service restaurants,"County, NAICS 6-digit -- by ownership sector",All establishment sizes,167,4295,4325,4275,33928759,5827187,56415,607,,1.13,1.51,1.51,1.49,1.25,1.92,1.51,0.83,,2,1.2,1037,31.8,881,25.6,978,29.7,11438246,50.9,1532357,35.7,33935,151,88,17
11001,1,722511,78,0,2022,1,,District of Columbia,Federal Government,NAICS 722511 Full-service restaurants,"County, NAICS 6-digit -- by ownership sector",All establishment sizes,2,448,444,447,2344521,0,0,404,,4.23,50.82,50.28,49.26,25.74,0,0,0.51,,0,0,0,0,-3,-0.7,-5,-1.1,2727,0.1,0,0,0,0,3,0.7
11001,1,722511,78,0,2022,2,,District of Columbia,Federal Government,NAICS 722511 Full-service restaurants,"County, NAICS 6-digit -- by ownership sector",All establishment sizes,2,449,447,444,2367436,0,0,408,,4.21,49.46,48.3,47.67,22.31,0,0,0.46,,0,0,-2,-0.4,-3,-0.7,-5,-1.1,67,0,0,0,0,0,3,0.7
11001,1,722511,78,0,2022,3,,District of Columbia,Federal Government,NAICS 722511 Full-service restaurants,"County, NAICS 6-digit -- by ownership sector",All establishment sizes,2,445,440,444,2391323,0,0,415,,4.25,45.32,45.86,45.88,21.37,0,0,0.47,,0,0,-3,-0.7,-7,-1.6,-1,-0.2,-38631,-1.6,0,0,0,0,-3,-0.7
11001,1,722511,78,0,2022,4,,District of Columbia,Federal Government,NAICS 722511 Full-service restaurants,"County, NAICS 6-digit -- by ownership sector",All establishment sizes,2,445,447,448,2402334,0,0,414,,4.26,46.08,46.47,46.58,20.17,0,0,0.44,,0,0,-3,-0.7,4,0.9,0,0,-1034,0,0,0,0,0,0,0
11001,5,722511,78,0,2022,1,,District of Columbia,Private,NAICS 722511 Full-service restaurants,"County, NAICS 6-digit -- by ownership sector",All establishment sizes,1031,22744,23289,24155,200107344,153086969,3289591,658,,0.97,0.93,0.94,0.96,0.75,1.59,1.83,0.8,,26,2.6,11413,100.7,9946,74.5,9502,64.8,99998902,99.9,72739419,90.5,1502817,84.1,71,12.1
11001,5,722511,78,0,2022,2,,District of Columbia,Private,NAICS 722511 Full-service restaurants,"County, NAICS 6-digit -- by ownership sector",All establishment sizes,1037,25750,26531,27406,269625633,84912692,1866339,781,,0.96,1.01,1.03,1.04,0.89,2.67,2.69,0.87,,19,1.9,8929,53.1,8313,45.6,7232,35.8,96894022,56.1,14470425,20.5,274311,17.2,59,8.2
11001,5,722511,78,0,2022,3,,District of Columbia,Private,NAICS 722511 Full-service restaurants,"County, NAICS 6-digit -- by ownership sector",All establishment sizes,1061,27476,27508,27490,278998225,62750515,1423525,781,,0.97,1.03,1.05,1.07,0.89,2.08,2.08,0.85,,39,3.8,6068,28.3,5552,25.3,5222,23.5,67078635,31.7,-157710,-0.3,-15195,-1.1,36,4.8
11001,5,722511,78,0,2022,4,,District of Columbia,Private,NAICS 722511 Full-service restaurants,"County, NAICS 6-digit -- by ownership sector",All establishment sizes,1075,27992,28280,28052,279786188,52202053,1194474,766,,0.98,1.09,1.1,1.1,0.9,2.13,2.27,0.82,,46,4.5,4627,19.8,4429,18.6,3850,15.9,34033631,13.8,-2513656,-4.6,-64066,-5.1,-28,-3.5
24031,5,722511,78,0,2022,1,,"Montgomery County, Maryland",Private,NAICS 722511 Full-service restaurants,"County, NAICS 6-digit -- by ownership sector",All establishment sizes,610,11031,11214,11416,80074099,64745683,1045843,549,,0.8,0.75,0.75,0.76,0.61,1.02,0.93,0.81,,19,3.2,3235,41.5,2768,32.8,2226,24.2,27254146,51.6,20955097,47.9,-161498,-13.4,70,14.6
24031,5,722511,78,0,2022,2,,"Montgomery County, Maryland",Private,NAICS 722511 Full-service restaurants,"County, NAICS 6-digit -- by ownership sector",All establishment sizes,624,11762,11926,12246,92870843,32125601,539825,596,,0.81,0.76,0.76,0.76,0.64,1.46,1.28,0.84,,21,3.5,1834,18.5,1362,12.9,1129,10.2,14340326,18.3,-693267,-2.1,-369267,-40.6,23,4
24031,5,722511,78,0,2022,3,,"Montgomery County, Maryland",Private,NAICS 722511 Full-service restaurants,"County, NAICS 6-digit -- by ownership sector",All establishment sizes,634,12368,12166,11800,97845123,22357949,399334,621,,0.81,0.77,0.77,0.75,0.65,1.16,1.01,0.85,,33,5.5,604,5.1,345,2.9,312,2.7,6112632,6.7,-3402425,-13.2,-325534,-44.9,17,2.8
24031,5,722511,78,0,2022,4,,"Montgomery County, Maryland",Private,NAICS 722511 Full-service restaurants,"County, NAICS 6-digit -- by ownership sector",All establishment sizes,638,11825,11912,11967,96025627,17259072,311867,621,,0.82,0.76,0.76,0.77,0.67,1.1,1.02,0.88,,18,2.9,151,1.3,55,0.5,81,0.7,535885,0.6,-2840871,-14.1,-243831,-43.9,-1,-0.2
51013,1,722511,78,0,2022,1,,"Arlington County, Virginia",Federal Government,NAICS 722511 Full-service restaurants,"County, NAICS 6-digit -- by ownership sector",All establishment sizes,1,15,15,15,160838,0,0,825,,10.09,7.37,7.35,7.19,7.71,0,0,1.06,,-1,-50,0,0,-24,-61.5,-23,-60.5,20904,14.9,0,0,0,0,474,135
51013,1,722511,78,0,2022,2,,"Arlington County, Virginia",Federal Government,NAICS 722511 Full-service restaurants,"County, NAICS 6-digit -- by ownership sector",All establishment sizes,1,15,22,28,195357,0,0,694,,10,7.15,10.26,12.88,8.03,0,0,0.79,,-1,-50,-1,-6.2,7,46.7,10,55.6,72661,59.2,0,0,0,0,116,20.1
51013,1,722511,78,0,2022,3,,"Arlington County, Virginia",Federal Government,NAICS 722511 Full-service restaurants,"County, NAICS 6-digit -- by ownership sector",All establishment sizes,1,30,26,26,281130,0,0,791,,9.82,13.03,11.48,11.49,10.81,0,0,0.9,,-1,-50,1,3.4,-6,-18.8,-7,-21.2,4906,1.8,0,0,0,0,113,16.7
51013,1,722511,78,0,2022,4,,"Arlington County, Virginia",Federal Government,NAICS 722511 Full-service restaurants,"County, NAICS 6-digit -- by ownership sector",All establishment sizes,1,26,25,25,302758,0,0,919,,9.75,11.5,11.1,11.07,11.41,0,0,1.02,,-1,-50,-6,-18.8,-4,-13.8,0,0,108777,56.1,0,0,0,0,398,76.4
51013,5,722511,78,0,2022,1,,"Arlington County, Virginia",Private,NAICS 722511 Full-service restaurants,"County, NAICS 6-digit -- by ownership sector",All establishment sizes,258,5434,5557,5559,41995860,32269954,236101,586,,1.15,0.96,0.97,0.96,0.69,1.25,1.11,0.71,,8,3.2,1193,28.1,1234,28.5,1080,24.1,12607803,42.9,9223212,40,63335,36.7,66,12.7
51013,5,722511,78,0,2022,2,,"Arlington County, Virginia",Private,NAICS 722511 Full-service restaurants,"County, NAICS 6-digit -- by ownership sector",All establishment sizes,265,5756,5936,6002,50385419,15398846,119732,657,,1.17,0.98,0.99,0.98,0.73,2.23,1.87,0.74,,15,6,1063,22.7,1049,21.5,713,13.5,11518759,29.6,1567187,11.3,1999,1.7,54,9
51013,5,722511,78,0,2022,3,,"Arlington County, Virginia",Private,NAICS 722511 Full-service restaurants,"County, NAICS 6-digit -- by ownership sector",All establishment sizes,269,6060,6146,6004,53054712,11397002,113078,672,,1.13,0.97,0.99,1,0.73,1.69,1.74,0.74,,16,6.3,496,8.9,571,10.2,509,9.3,9091787,20.7,-24633,-0.2,4756,4.4,62,10.2
51013,5,722511,78,0,2022,4,,"Arlington County, Virginia",Private,NAICS 722511 Full-service restaurants,"County, NAICS 6-digit -- by ownership sector",All establishment sizes,272,5974,5993,5962,50819964,8772222,83842,654,,1.13,1,1,0.99,0.73,1.7,1.69,0.74,,14,5.4,427,7.7,405,7.2,364,6.5,2681385,5.6,-857621,-8.9,-22953,-21.5,-10,-1.5
51059,1,722511,78,0,2022,1,,"Fairfax County, Virginia",Federal Government,NAICS 722511 Full-service restaurants,"County, NAICS 6-digit -- by ownership sector",All establishment sizes,2,3,2,2,42798,0,0,1411,,5.02,0.41,0.27,0.27,0.62,0,0,1.95,,0,0,-32,-91.4,-46,-95.8,-23,-92,-240283,-84.9,0,0,0,0,806,133.2
51059,1,722511,78,0,2022,2,,"Fairfax County, Virginia",Federal Government,NAICS 722511 Full-service restaurants,"County, NAICS 6-digit -- by ownership sector",All establishment sizes,2,4,4,4,63253,0,0,1216,,5.01,0.53,0.52,0.51,0.8,0,0,1.53,,0,0,-41,-91.1,-17,-81,-17,-81,-149519,-70.3,0,0,0,0,652,115.6
51059,1,722511,78,0,2022,3,,"Fairfax County, Virginia",Federal Government,NAICS 722511 Full-service restaurants,"County, NAICS 6-digit -- by ownership sector",All establishment sizes,2,4,4,4,61972,0,0,1192,,5,0.49,0.5,0.5,0.72,0,0,1.45,,0,0,-17,-81,-16,-80,-15,-78.9,-216536,-77.7,0,0,0,0,121,11.3
51059,1,722511,78,0,2022,4,,"Fairfax County, Virginia",Federal Government,NAICS 722511 Full-service restaurants,"County, NAICS 6-digit -- by ownership sector",All establishment sizes,2,4,4,4,64234,0,0,1235,,4.98,0.5,0.5,0.5,0.72,0,0,1.45,,0,0,-11,-73.3,-6,-60,-12,-75,-248837,-79.5,0,0,0,0,-527,-29.9
51059,5,722511,78,0,2022,1,,"Fairfax County, Virginia",Private,NAICS 722511 Full-service restaurants,"County, NAICS 6-digit -- by ownership sector",All establishment sizes,911,17061,17239,17500,138800828,101964730,843856,618,,1.01,0.85,0.85,0.85,0.69,0.99,0.92,0.81,,70,8.3,2778,19.4,2899,20.2,2790,19,39691880,40,24534183,31.7,218267,34.9,90,17
51059,5,722511,78,0,2022,2,,"Fairfax County, Virginia",Private,NAICS 722511 Full-service restaurants,"County, NAICS 6-digit -- by ownership sector",All establishment sizes,922,17769,18191,18785,152135865,43218707,404280,641,,1.02,0.85,0.85,0.86,0.67,1.42,1.49,0.79,,76,9,2522,16.5,2382,15.1,1784,10.5,28719209,23.3,1463881,3.5,34403,9.3,48,8.1
51059,5,722511,78,0,2022,3,,"Fairfax County, Virginia",Private,NAICS 722511 Full-service restaurants,"County, NAICS 6-digit -- by ownership sector",All establishment sizes,939,18813,18589,17893,161031297,32091100,329180,672,,1.01,0.85,0.84,0.84,0.67,1.1,1.17,0.79,,63,7.2,1168,6.6,1240,7.1,981,5.8,19409455,13.7,-2557914,-7.4,-18384,-5.3,42,6.7
51059,5,722511,78,0,2022,4,,"Fairfax County, Virginia",Private,NAICS 722511 Full-service restaurants,"County, NAICS 6-digit -- by ownership sector",All establishment sizes,964,18067,18387,18730,157653960,27307752,294571,659,,1.02,0.85,0.86,0.88,0.68,1.17,1.35,0.79,,67,7.5,758,4.4,852,4.9,935,5.3,6826420,4.5,-908286,-3.2,-13092,-4.3,-2,-0.3
24033,1,722511,78,0,2022,1,,"Prince George's County, Maryland",Federal Government,NAICS 722511 Full-service restaurants,"County, NAICS 6-digit -- by ownership sector",All establishment sizes,1,18,15,18,35526,0,0,161,,5.87,4.98,4.13,4.89,1.69,0,0,0.36,,0,0,14,350,10,200,7,63.6,20888,142.7,0,0,0,0,-8,-4.7
24033,1,722511,78,0,2022,2,,"Prince George's County, Maryland",Federal Government,NAICS 722511 Full-service restaurants,"County, NAICS 6-digit -- by ownership sector",All establishment sizes,1,13,15,14,55059,0,0,303,,5.84,3.43,3.87,3.59,1.99,0,0,0.55,,0,0,0,0,4,36.4,1,7.7,24409,79.6,0,0,0,0,112,58.6
24033,1,722511,78,0,2022,3,,"Prince George's County, Maryland",Federal Government,NAICS 722511 Full-service restaurants,"County, NAICS 6-digit -- by ownership sector",All establishment sizes,1,15,15,16,64989,0,0,326,,5.9,3.62,3.71,3.94,2.2,0,0,0.59,,0,0,7,87.5,5,50,3,23.1,40197,162.1,0,0,0,0,141,76.2
24033,1,722511,78,0,2022,4,,"Prince George's County, Maryland",Federal Government,NAICS 722511 Full-service restaurants,"County, NAICS 6-digit -- by ownership sector",All establishment sizes,1,16,16,17,97374,0,0,459,,5.93,4,4.01,4.24,3.26,0,0,0.8,,0,0,2,14.3,2,14.3,3,21.4,48586,99.6,0,0,0,0,191,71.3
24033,5,722511,78,0,2022,1,,"Prince George's County, Maryland",Private,NAICS 722511 Full-service restaurants,"County, NAICS 6-digit -- by ownership sector",All establishment sizes,340,7021,7199,7247,43856836,36459486,621091,471,,0.88,0.7,0.71,0.71,0.72,0.95,0.81,1.01,,23,7.3,2716,63.1,1826,34,1556,27.3,14701426,50.4,12054972,49.4,-98989,-13.7,33,7.5
24033,5,722511,78,0,2022,2,,"Prince George's County, Maryland",Private,NAICS 722511 Full-service restaurants,"County, NAICS 6-digit -- by ownership sector",All establishment sizes,348,7399,7511,7551,50969140,20756052,365004,524,,0.9,0.7,0.69,0.69,0.64,1.29,1.08,0.93,,17,5.1,1109,17.6,912,13.8,627,9.1,8566614,20.2,880042,4.4,-233077,-39,30,6.1
24033,5,722511,78,0,2022,3,,"Prince George's County, Maryland",Private,NAICS 722511 Full-service restaurants,"County, NAICS 6-digit -- by ownership sector",All establishment sizes,361,7706,7705,7876,53992268,14451848,254724,535,,0.91,0.68,0.7,0.73,0.65,1.08,0.85,0.93,,32,9.7,399,5.5,492,6.8,789,11.1,5855642,12.2,-1400925,-8.8,-225241,-46.9,21,4.1
24033,5,722511,78,0,2022,4,,"Prince George's County, Maryland",Private,NAICS 722511 Full-service restaurants,"County, NAICS 6-digit -- by ownership sector",All establishment sizes,371,7957,7955,7829,54372286,11896506,214187,529,,0.94,0.75,0.75,0.73,0.7,1.01,0.87,0.94,,38,11.4,943,13.4,798,11.1,687,9.6,6664921,14,195798,1.7,-124202,-36.7,12,2.3
51510,5,722511,78,0,2022,1,,"Alexandria City, Virginia",Private,NAICS 722511 Full-service restaurants,"County, NAICS 6-digit -- by ownership sector",All establishment sizes,174,4158,4193,4468,30672597,23996636,196012,552,,1.16,1.5,1.49,1.56,1.38,2.09,1.79,0.91,,9,5.5,842,25.4,852,25.5,864,24,8486322,38.3,6024291,33.5,38340,24.3,53,10.6
51510,5,722511,78,0,2022,2,,"Alexandria City, Virginia",Private,NAICS 722511 Full-service restaurants,"County, NAICS 6-digit -- by ownership sector",All establishment sizes,176,4725,4858,5022,38349021,12524805,130025,606,,1.16,1.61,1.63,1.68,1.41,3.29,3.47,0.86,,9,5.4,861,22.3,813,20.1,719,16.7,8556336,28.7,1220999,10.8,19893,18.1,43,7.6
51510,5,722511,78,0,2022,3,,"Alexandria City, Virginia",Private,NAICS 722511 Full-service restaurants,"County, NAICS 6-digit -- by ownership sector",All establishment sizes,178,5169,5004,4820,41998192,9260539,100314,646,,1.14,1.71,1.68,1.68,1.48,2.79,2.75,0.87,,11,6.6,729,16.4,557,12.5,485,11.2,7318877,21.1,249033,2.8,14129,16.4,41,6.8
51510,5,722511,78,0,2022,4,,"Alexandria City, Virginia",Private,NAICS 722511 Full-service restaurants,"County, NAICS 6-digit -- by ownership sector",All establishment sizes,184,4744,4746,4702,39372087,6256309,69720,640,,1.17,1.66,1.67,1.67,1.42,2.32,2.41,0.85,,17,10.2,449,10.5,421,9.7,427,10,5443328,16,429122,7.4,13305,23.6,33,5.4
11001,1,722511,78,0,2023,1,,District of Columbia,Federal Government,NAICS 722511 Full-service restaurants,"County, NAICS 6-digit -- by ownership sector",All establishment sizes,2,447,445,446,2376144,0,0,410,,4.27,47.66,46.07,46.49,22.43,0,0,0.48,,0,0,-1,-0.2,1,0.2,-1,-0.2,31623,1.3,0,0,0,0,6,1.5
11001,1,722511,78,0,2023,2,,District of Columbia,Federal Government,NAICS 722511 Full-service restaurants,"County, NAICS 6-digit -- by ownership sector",All establishment sizes,2,446,447,442,2413792,0,0,417,,4.12,45.86,45.13,44.64,19.78,0,0,0.44,,0,0,-3,-0.7,0,0,-2,-0.5,46356,2,0,0,0,0,9,2.2
11001,1,722511,78,0,2023,3,,District of Columbia,Federal Government,NAICS 722511 Full-service restaurants,"County, NAICS 6-digit -- by ownership sector",All establishment sizes,2,443,442,446,2377310,0,0,412,,4.15,44.17,45.15,45.41,20.65,0,0,0.46,,0,0,-2,-0.4,2,0.5,2,0.5,-14013,-0.6,0,0,0,0,-3,-0.7
11001,1,722511,78,0,2023,4,,District of Columbia,Federal Government,NAICS 722511 Full-service restaurants,"County, NAICS 6-digit -- by ownership sector",All establishment sizes,2,447,445,445,2445497,0,0,422,,4.19,42.84,42.95,42.76,18.31,0,0,0.43,,0,0,2,0.4,-2,-0.4,-3,-0.7,43163,1.8,0,0,0,0,8,1.9
11001,5,722511,78,0,2023,1,,District of Columbia,Private,NAICS 722511 Full-service restaurants,"County, NAICS 6-digit -- by ownership sector",All establishment sizes,1094,27704,28119,28758,281280456,204857388,4323147,767,,1,1.09,1.09,1.1,0.93,1.9,2.14,0.85,,63,6.1,4960,21.8,4830,20.7,4603,19.1,81173112,40.6,51770419,33.8,1033556,31.4,109,16.6
11001,5,722511,78,0,2023,2,,District of Columbia,Private,NAICS 722511 Full-service restaurants,"County, NAICS 6-digit -- by ownership sector",All establishment sizes,1111,30277,30603,30923,316573361,82351380,1801297,796,,0.97,1.15,1.15,1.14,0.97,2.8,2.85,0.85,,74,7.1,4527,17.6,4072,15.3,3517,12.8,46947728,17.4,-2561312,-3,-65042,-3.5,15,1.9
11001,5,722511,78,0,2023,3,,District of Columbia,Private,NAICS 722511 Full-service restaurants,"County, NAICS 6-digit -- by ownership sector",All establishment sizes,1121,30667,29963,29862,302767572,54735037,1214202,772,,0.97,1.12,1.12,1.13,0.94,2.06,2.11,0.83,,60,5.7,3191,11.6,2455,8.9,2372,8.6,23769347,8.5,-8015478,-12.8,-209323,-14.7,-9,-1.2
11001,5,722511,78,0,2023,4,,District of Columbia,Private,NAICS 722511 Full-service restaurants,"County, NAICS 6-digit -- by ownership sector",All establishment sizes,1136,30072,29847,29272,311240735,47253201,1077486,805,,0.98,1.15,1.14,1.12,0.95,2.07,2.22,0.83,,61,5.7,2080,7.4,1567,5.5,1220,4.3,31454547,11.2,-4948852,-9.5,-116988,-9.8,39,5.1
24031,5,722511,78,0,2023,1,,"Montgomery County, Maryland",Private,NAICS 722511 Full-service restaurants,"County, NAICS 6-digit -- by ownership sector",All establishment sizes,618,12390,12324,12417,98412572,76243953,1216989,612,,0.82,0.8,0.79,0.79,0.64,1.09,1,0.81,,8,1.3,1359,12.3,1110,9.9,1001,8.8,18338473,22.9,11498270,17.8,171146,16.4,63,11.5
24031,5,722511,78,0,2023,2,,"Montgomery County, Maryland",Private,NAICS 722511 Full-service restaurants,"County, NAICS 6-digit -- by ownership sector",All establishment sizes,617,12519,12763,13111,103930943,31430367,532924,625,,0.81,0.79,0.79,0.79,0.69,1.52,1.37,0.87,,-7,-1.1,757,6.4,837,7,865,7.1,11060100,11.9,-695234,-2.2,-6901,-1.3,29,4.9
24031,5,722511,78,0,2023,3,,"Montgomery County, Maryland",Private,NAICS 722511 Full-service restaurants,"County, NAICS 6-digit -- by ownership sector",All establishment sizes,624,13437,13331,12680,103991152,21450075,373321,608,,0.81,0.82,0.81,0.8,0.69,1.23,1.11,0.85,,-10,-1.6,1069,8.6,1165,9.6,880,7.5,6146029,6.3,-907874,-4.1,-26013,-6.5,-13,-2.1
24031,5,722511,78,0,2023,4,,"Montgomery County, Maryland",Private,NAICS 722511 Full-service restaurants,"County, NAICS 6-digit -- by ownership sector",All establishment sizes,643,12507,12320,12539,104364052,16843285,287088,645,,0.82,0.79,0.78,0.79,0.7,1.18,1.09,0.89,,5,0.8,682,5.8,408,3.4,572,4.8,8338425,8.7,-415787,-2.4,-24779,-7.9,24,3.9
24033,1,722511,78,0,2023,1,,"Prince George's County, Maryland",Federal Government,NAICS 722511 Full-service restaurants,"County, NAICS 6-digit -- by ownership sector",All establishment sizes,1,15,19,15,64232,0,0,303,,5.99,3.82,4.72,3.77,2.48,0,0,0.61,,0,0,-3,-16.7,4,26.7,-3,-16.7,28706,80.8,0,0,0,0,142,88.2
24033,1,722511,78,0,2023,2,,"Prince George's County, Maryland",Federal Government,NAICS 722511 Full-service restaurants,"County, NAICS 6-digit -- by ownership sector",All establishment sizes,1,18,16,15,95147,0,0,448,,5.94,4.41,3.83,3.6,3.03,0,0,0.77,,0,0,5,38.5,1,6.7,1,7.1,40088,72.8,0,0,0,0,145,47.9
24033,1,722511,78,0,2023,3,,"Prince George's County, Maryland",Federal Government,NAICS 722511 Full-service restaurants,"County, NAICS 6-digit -- by ownership sector",All establishment sizes,1,17,17,13,57558,0,0,283,,5.96,4.02,4.08,3.16,1.87,0,0,0.5,,0,0,2,13.3,2,13.3,-3,-18.8,-7431,-11.4,0,0,0,0,-43,-13.2
24033,1,722511,78,0,2023,4,,"Prince George's County, Maryland",Federal Government,NAICS 722511 Full-service restaurants,"County, NAICS 6-digit -- by ownership sector",All establishment sizes,1,14,15,17,65122,0,0,327,,6.01,3.2,3.44,3.85,1.93,0,0,0.55,,0,0,-2,-12.5,-1,-6.2,0,0,-32252,-33.1,0,0,0,0,-132,-28.8
24033,5,722511,78,0,2023,1,,"Prince George's County, Maryland",Private,NAICS 722511 Full-service restaurants,"County, NAICS 6-digit -- by ownership sector",All establishment sizes,370,7751,7936,8220,54446265,43028295,722133,526,,0.95,0.73,0.74,0.76,0.74,1,0.84,1,,30,8.8,730,10.4,737,10.2,973,13.4,10589429,24.1,6568809,18,101042,16.3,55,11.7
24033,5,722511,78,0,2023,2,,"Prince George's County, Maryland",Private,NAICS 722511 Full-service restaurants,"County, NAICS 6-digit -- by ownership sector",All establishment sizes,369,8421,8408,8396,59405948,22745699,394365,543,,0.93,0.76,0.74,0.73,0.71,1.45,1.23,0.95,,21,6,1022,13.8,897,11.9,845,11.2,8436808,16.6,1989647,9.6,29361,8,19,3.6
24033,5,722511,78,0,2023,3,,"Prince George's County, Maryland",Private,NAICS 722511 Full-service restaurants,"County, NAICS 6-digit -- by ownership sector",All establishment sizes,373,8115,8075,8064,55304278,13002976,229242,526,,0.93,0.7,0.71,0.73,0.64,1.04,0.86,0.9,,12,3.3,409,5.3,370,4.8,188,2.4,1312010,2.4,-1448872,-10,-25482,-10,-9,-1.7
24033,5,722511,78,0,2023,4,,"Prince George's County, Maryland",Private,NAICS 722511 Full-service restaurants,"County, NAICS 6-digit -- by ownership sector",All establishment sizes,391,8094,8123,8144,58164716,11332828,197724,551,,0.97,0.74,0.74,0.74,0.7,1.04,0.88,0.95,,20,5.4,137,1.7,168,2.1,315,4,3792430,7,-563678,-4.7,-16463,-7.7,22,4.2
51013,1,722511,78,0,2023,1,,"Arlington County, Virginia",Federal Government,NAICS 722511 Full-service restaurants,"County, NAICS 6-digit -- by ownership sector",All establishment sizes,1,23,22,24,254872,0,0,852,,9.47,10.38,9.68,10.66,9.92,0,0,0.97,,0,0,8,53.3,7,46.7,9,60,94034,58.5,0,0,0,0,27,3.3
51013,1,722511,78,0,2023,2,,"Arlington County, Virginia",Federal Government,NAICS 722511 Full-service restaurants,"County, NAICS 6-digit -- by ownership sector",All establishment sizes,1,25,26,27,267345,0,0,791,,11.21,10.98,11.16,11.52,9.39,0,0,0.84,,0,0,10,66.7,4,18.2,-1,-3.6,71988,36.8,0,0,0,0,97,14
51013,1,722511,78,0,2023,3,,"Arlington County, Virginia",Federal Government,NAICS 722511 Full-service restaurants,"County, NAICS 6-digit -- by ownership sector",All establishment sizes,1,27,26,26,327851,0,0,958,,11.41,11.29,11.06,11.22,12.17,0,0,1.09,,0,0,-3,-10,0,0,0,0,46721,16.6,0,0,0,0,167,21.1
51013,1,722511,78,0,2023,4,,"Arlington County, Virginia",Federal Government,NAICS 722511 Full-service restaurants,"County, NAICS 6-digit -- by ownership sector",All establishment sizes,1,25,25,25,244489,0,0,752,,11.5,10.12,10.17,10.09,7.73,0,0,0.76,,0,0,-1,-3.8,0,0,0,0,-58269,-19.2,0,0,0,0,-167,-18.2
51013,5,722511,78,0,2023,1,,"Arlington County, Virginia",Private,NAICS 722511 Full-service restaurants,"County, NAICS 6-digit -- by ownership sector",All establishment sizes,272,5877,5819,5982,48971861,36595465,161400,639,,1.1,0.98,0.96,0.98,0.67,1.26,1.16,0.69,,14,5.4,443,8.2,262,4.7,423,7.6,6976001,16.6,4325511,13.4,-74701,-31.6,53,9
51013,5,722511,78,0,2023,2,,"Arlington County, Virginia",Private,NAICS 722511 Full-service restaurants,"County, NAICS 6-digit -- by ownership sector",All establishment sizes,233,6024,6155,6251,52628409,14199270,76714,659,,1.11,0.98,0.98,0.97,0.69,2.21,2.04,0.71,,-32,-12.1,268,4.7,219,3.7,249,4.1,2242990,4.5,-1199576,-7.8,-43018,-35.9,2,0.3
51013,5,722511,78,0,2023,3,,"Arlington County, Virginia",Private,NAICS 722511 Full-service restaurants,"County, NAICS 6-digit -- by ownership sector",All establishment sizes,239,6294,6292,6213,52516597,10204069,66143,645,,1.14,0.96,0.98,1,0.69,1.72,1.86,0.71,,-30,-11.2,234,3.9,146,2.4,209,3.5,-538115,-1,-1192933,-10.5,-46935,-41.5,-27,-4
51013,5,722511,78,0,2023,4,,"Arlington County, Virginia",Private,NAICS 722511 Full-service restaurants,"County, NAICS 6-digit -- by ownership sector",All establishment sizes,246,6361,6287,6357,54853030,8947381,73395,666,,1.17,1.02,1.01,1.02,0.71,1.8,2.24,0.69,,-26,-9.6,387,6.5,294,4.9,395,6.6,4033066,7.9,175159,2,-10447,-12.5,12,1.8
51059,1,722511,78,0,2023,1,,"Fairfax County, Virginia",Federal Government,NAICS 722511 Full-service restaurants,"County, NAICS 6-digit -- by ownership sector",All establishment sizes,2,1,1,1,28224,0,0,2171,,4.84,0.13,0.12,0.13,0.34,0,0,2.72,,0,0,-2,-66.7,-1,-50,-1,-50,-14574,-34.1,0,0,0,0,760,53.9
51059,1,722511,78,0,2023,2,,"Fairfax County, Virginia",Federal Government,NAICS 722511 Full-service restaurants,"County, NAICS 6-digit -- by ownership sector",All establishment sizes,2,1,0,0,8893,0,0,2052,,5.55,0.12,0,0,0.1,0,0,2.34,,0,0,-3,-75,-4,-100,-4,-100,-54360,-85.9,0,0,0,0,836,68.8
51059,1,722511,78,0,2023,3,,"Fairfax County, Virginia",Federal Government,NAICS 722511 Full-service restaurants,"County, NAICS 6-digit -- by ownership sector",All establishment sizes,1,0,0,0,0,0,0,0,,2.82,0,0,0,0,0,0,0,,-1,-50,-4,-100,-4,-100,-4,-100,-61972,-100,0,0,0,0,-1192,-100
51059,1,722511,78,0,2023,4,-,"Fairfax County, Virginia",Federal Government,NAICS 722511 Full-service restaurants,"County, NAICS 6-digit -- by ownership sector",All establishment sizes,0,0,0,0,0,0,0,0,N,0,0,0,0,0,0,0,0,N,-2,-100,0,0,0,0,0,0,0,0,0,0,0,0,0,0
51059,5,722511,78,0,2023,1,,"Fairfax County, Virginia",Private,NAICS 722511 Full-service restaurants,"County, NAICS 6-digit -- by ownership sector",All establishment sizes,978,18752,18780,18993,166646924,118364662,507966,680,,1.01,0.89,0.88,0.88,0.72,1.05,0.92,0.81,,67,7.4,1691,9.9,1541,8.9,1493,8.5,27846096,20.1,16399932,16.1,-335890,-39.8,62,10
51059,5,722511,78,0,2023,2,,"Fairfax County, Virginia",Private,NAICS 722511 Full-service restaurants,"County, NAICS 6-digit -- by ownership sector",All establishment sizes,877,19016,19308,19917,165872389,41838422,203414,657,,1.03,0.87,0.87,0.88,0.67,1.49,1.29,0.76,,-45,-4.9,1247,7,1117,6.1,1132,6,13736524,9,-1380285,-3.2,-200866,-49.7,16,2.5
51059,5,722511,78,0,2023,3,,"Fairfax County, Virginia",Private,NAICS 722511 Full-service restaurants,"County, NAICS 6-digit -- by ownership sector",All establishment sizes,880,19972,19646,19249,168466366,31036106,206692,660,,1.04,0.88,0.87,0.88,0.7,1.23,1.42,0.8,,-59,-6.3,1159,6.2,1057,5.7,1356,7.6,7435069,4.6,-1054994,-3.3,-122488,-37.2,-12,-1.8
51059,5,722511,78,0,2023,4,,"Fairfax County, Virginia",Private,NAICS 722511 Full-service restaurants,"County, NAICS 6-digit -- by ownership sector",All establishment sizes,891,19299,19411,19791,169393564,26090672,182340,668,,1.04,0.89,0.9,0.91,0.69,1.22,1.41,0.77,,-73,-7.6,1232,6.8,1024,5.6,1061,5.7,11739604,7.4,-1217080,-4.5,-112231,-38.1,9,1.4
51510,5,722511,78,0,2023,1,,"Alexandria City, Virginia",Private,NAICS 722511 Full-service restaurants,"County, NAICS 6-digit -- by ownership sector",All establishment sizes,187,4650,4741,4898,37772441,28690334,127700,610,,1.16,1.66,1.71,1.74,1.58,2.32,1.89,0.93,,13,7.5,492,11.8,548,13.1,430,9.6,7099844,23.1,4693698,19.6,-68312,-34.9,58,10.5
51510,5,722511,78,0,2023,2,,"Alexandria City, Virginia",Private,NAICS 722511 Full-service restaurants,"County, NAICS 6-digit -- by ownership sector",All establishment sizes,167,5063,5162,5416,43599749,12139741,54239,643,,1.19,1.79,1.8,1.85,1.65,3.48,2.62,0.91,,-9,-5.1,338,7.2,304,6.3,394,7.8,5250728,13.7,-385064,-3.1,-75786,-58.3,37,6.1
51510,5,722511,78,0,2023,3,,"Alexandria City, Virginia",Private,NAICS 722511 Full-service restaurants,"County, NAICS 6-digit -- by ownership sector",All establishment sizes,164,5351,5258,5043,42684057,8554971,44642,629,,1.18,1.83,1.82,1.8,1.62,2.86,2.07,0.89,,-14,-7.9,182,3.5,254,5.1,223,4.6,685865,1.6,-705568,-7.6,-55672,-55.5,-17,-2.6
51510,5,722511,78,0,2023,4,,"Alexandria City, Virginia",Private,NAICS 722511 Full-service restaurants,"County, NAICS 6-digit -- by ownership sector",All establishment sizes,166,5024,4944,4967,42147191,6198992,38959,651,,1.19,1.8,1.78,1.79,1.58,2.43,2.06,0.88,,-18,-9.8,280,5.9,198,4.2,265,5.6,2775104,7,-57317,-0.9,-30761,-44.1,11,1.7
11001,1,722511,78,0,2024,1,,District of Columbia,Federal Government,NAICS 722511 Full-service restaurants,"County, NAICS 6-digit -- by ownership sector",All establishment sizes,2,446,441,443,2376229,0,0,412,,4.18,44.96,42.24,42.01,20.26,0,0,0.47,,0,0,-1,-0.2,-4,-0.9,-3,-0.7,85,0,0,0,0,0,2,0.5
11001,1,722511,78,0,2024,2,,District of Columbia,Federal Government,NAICS 722511 Full-service restaurants,"County, NAICS 6-digit -- by ownership sector",All establishment sizes,2,443,442,441,2431653,0,0,423,,4.29,41.97,41.56,41.52,18.26,0,0,0.44,,0,0,-3,-0.7,-5,-1.1,-1,-0.2,17861,0.7,0,0,0,0,6,1.4
11001,1,722511,78,0,2024,3,,District of Columbia,Federal Government,NAICS 722511 Full-service restaurants,"County, NAICS 6-digit -- by ownership sector",All establishment sizes,2,442,440,439,2361542,0,0,413,,4.43,41.55,41.6,41.22,18.94,0,0,0.46,,0,0,-1,-0.2,-2,-0.5,-7,-1.6,-15768,-0.7,0,0,0,0,1,0.2
11001,1,722511,78,0,2024,4,,District of Columbia,Federal Government,NAICS 722511 Full-service restaurants,"County, NAICS 6-digit -- by ownership sector",All establishment sizes,2,444,445,442,2429199,0,0,421,,4.44,42.33,41.92,42.83,17.52,0,0,0.41,,0,0,-3,-0.7,0,0,-3,-0.7,-16298,-0.7,0,0,0,0,-1,-0.2
11001,5,722511,78,0,2024,1,,District of Columbia,Private,NAICS 722511 Full-service restaurants,"County, NAICS 6-digit -- by ownership sector",All establishment sizes,1128,28431,28858,29277,290684674,208696056,4383396,775,,0.98,1.11,1.12,1.12,0.94,1.94,2.25,0.84,,34,3.1,727,2.6,739,2.6,519,1.8,9404218,3.3,3838668,1.9,60249,1.4,8,1
11001,5,722511,78,0,2024,2,,District of Columbia,Private,NAICS 722511 Full-service restaurants,"County, NAICS 6-digit -- by ownership sector",All establishment sizes,1139,30359,30770,31120,324954054,78881994,1715953,813,,0.99,1.15,1.16,1.15,0.98,2.84,2.96,0.85,,28,2.5,82,0.3,167,0.5,197,0.6,8380693,2.6,-3469386,-4.2,-85344,-4.7,17,2.1
11001,5,722511,78,0,2024,3,,District of Columbia,Private,NAICS 722511 Full-service restaurants,"County, NAICS 6-digit -- by ownership sector",All establishment sizes,1127,30426,29527,29481,310178716,48179539,1065323,800,,0.99,1.12,1.12,1.13,0.94,1.99,2.05,0.83,,6,0.5,-241,-0.8,-436,-1.5,-381,-1.3,7411144,2.4,-6555498,-12,-148879,-12.3,28,3.6
11001,5,722511,78,0,2024,4,,District of Columbia,Private,NAICS 722511 Full-service restaurants,"County, NAICS 6-digit -- by ownership sector",All establishment sizes,1134,29843,29962,29720,326132755,42531013,968047,841,,0.99,1.16,1.16,1.15,0.98,2.02,2.2,0.84,,-2,-0.2,-229,-0.8,115,0.4,448,1.5,14892020,4.8,-4722188,-10,-109439,-10.2,36,4.5
24031,5,722511,78,0,2024,1,,"Montgomery County, Maryland",Private,NAICS 722511 Full-service restaurants,"County, NAICS 6-digit -- by ownership sector",All establishment sizes,643,13163,13136,13207,105774560,81891597,726726,618,,0.83,0.84,0.83,0.83,0.68,1.17,1.06,0.81,,25,4,773,6.2,812,6.6,790,6.4,7361988,7.5,5647644,7.4,-490263,-40.3,6,1
24031,5,722511,78,0,2024,2,,"Montgomery County, Maryland",Private,NAICS 722511 Full-service restaurants,"County, NAICS 6-digit -- by ownership sector",All establishment sizes,646,13423,13570,13676,112511526,32737909,315119,638,,0.83,0.84,0.83,0.83,0.73,1.62,1.42,0.88,,29,4.7,904,7.2,807,6.3,565,4.3,8580583,8.3,1307542,4.2,-217805,-40.9,13,2.1
24031,5,722511,78,0,2024,3,,"Montgomery County, Maryland",Private,NAICS 722511 Full-service restaurants,"County, NAICS 6-digit -- by ownership sector",All establishment sizes,657,13545,13365,13146,107722872,20144791,213015,621,,0.84,0.84,0.82,0.83,0.72,1.24,1.13,0.87,,33,5.3,108,0.8,34,0.3,466,3.7,3731720,3.6,-1305284,-6.1,-160306,-42.9,13,2.1
24031,5,722511,78,0,2024,4,,"Montgomery County, Maryland",Private,NAICS 722511 Full-service restaurants,"County, NAICS 6-digit -- by ownership sector",All establishment sizes,663,13141,13096,13185,112173279,17602277,237061,657,,0.85,0.84,0.84,0.84,0.75,1.29,1.44,0.89,,20,3.1,634,5.1,776,6.3,646,5.2,7809227,7.5,758992,4.5,-50027,-17.4,12,1.9
24033,1,722511,78,0,2024,1,,"Prince George's County, Maryland",Federal Government,NAICS 722511 Full-service restaurants,"County, NAICS 6-digit -- by ownership sector",All establishment sizes,1,15,17,16,37541,0,0,180,,5.86,3.53,3.81,3.57,1.3,0,0,0.36,,0,0,0,0,-2,-10.5,1,6.7,-26691,-41.6,0,0,0,0,-123,-40.6
24033,1,722511,78,0,2024,2,,"Prince George's County, Maryland",Federal Government,NAICS 722511 Full-service restaurants,"County, NAICS 6-digit -- by ownership sector",All establishment sizes,1,14,15,14,56726,0,0,304,,5.99,3.07,3.24,3.03,1.62,0,0,0.52,,0,0,-4,-22.2,-1,-6.2,-1,-6.7,-38421,-40.4,0,0,0,0,-144,-32.1
24033,1,722511,78,0,2024,3,,"Prince George's County, Maryland",Federal Government,NAICS 722511 Full-service restaurants,"County, NAICS 6-digit -- by ownership sector",All establishment sizes,1,12,12,14,39594,0,0,240,,6.13,2.58,2.57,3.01,1.16,0,0,0.42,,0,0,-5,-29.4,-5,-29.4,1,7.7,-17964,-31.2,0,0,0,0,-43,-15.2
24033,1,722511,78,0,2024,4,,"Prince George's County, Maryland",Federal Government,NAICS 722511 Full-service restaurants,"County, NAICS 6-digit -- by ownership sector",All establishment sizes,1,13,17,17,52587,0,0,258,,6.15,2.86,3.68,3.76,1.49,0,0,0.43,,0,0,-1,-7.1,2,13.3,0,0,-12535,-19.2,0,0,0,0,-69,-21.1
24033,5,722511,78,0,2024,1,,"Prince George's County, Maryland",Private,NAICS 722511 Full-service restaurants,"County, NAICS 6-digit -- by ownership sector",All establishment sizes,405,8215,8350,8445,58255040,46927056,462981,538,,0.99,0.75,0.76,0.76,0.77,1.06,0.88,1.02,,35,9.5,464,6,414,5.2,225,2.7,3808775,7,3898761,9.1,-259152,-35.9,12,2.3
24033,5,722511,78,0,2024,2,,"Prince George's County, Maryland",Private,NAICS 722511 Full-service restaurants,"County, NAICS 6-digit -- by ownership sector",All establishment sizes,410,8495,8690,8569,60948654,21433867,242783,546,,1,0.75,0.75,0.73,0.7,1.36,1.2,0.94,,41,11.1,74,0.9,282,3.4,173,2.1,1542706,2.6,-1311832,-5.8,-151582,-38.4,3,0.6
24033,5,722511,78,0,2024,3,,"Prince George's County, Maryland",Private,NAICS 722511 Full-service restaurants,"County, NAICS 6-digit -- by ownership sector",All establishment sizes,420,8432,8322,8358,60143144,13160902,172768,553,,1.02,0.71,0.71,0.74,0.66,1.1,1.04,0.92,,47,12.6,317,3.9,247,3.1,294,3.6,4838866,8.7,157926,1.2,-56474,-24.6,27,5.1
24033,5,722511,78,0,2024,4,,"Prince George's County, Maryland",Private,NAICS 722511 Full-service restaurants,"County, NAICS 6-digit -- by ownership sector",All establishment sizes,415,8328,8381,8321,60261942,10882230,151103,556,,1.01,0.75,0.75,0.74,0.71,1.01,1.01,0.96,,24,6.1,234,2.9,258,3.2,177,2.2,2097226,3.6,-450598,-4,-46621,-23.6,5,0.9
51013,1,722511,78,0,2024,1,,"Arlington County, Virginia",Federal Government,NAICS 722511 Full-service restaurants,"County, NAICS 6-digit -- by ownership sector",All establishment sizes,1,22,24,24,266651,0,0,879,,11.41,9.57,9.94,9.85,9.6,0,0,0.98,,0,0,-1,-4.3,2,9.1,0,0,11779,4.6,0,0,0,0,27,3.2
51013,1,722511,78,0,2024,2,,"Arlington County, Virginia",Federal Government,NAICS 722511 Full-service restaurants,"County, NAICS 6-digit -- by ownership sector",All establishment sizes,1,23,22,21,221323,0,0,774,,11.54,9.39,8.87,8.41,7.23,0,0,0.81,,0,0,-2,-8,-4,-15.4,-6,-22.2,-46022,-17.2,0,0,0,0,-17,-2.1
51013,1,722511,78,0,2024,3,,"Arlington County, Virginia",Federal Government,NAICS 722511 Full-service restaurants,"County, NAICS 6-digit -- by ownership sector",All establishment sizes,1,21,20,20,233381,0,0,883,,11.98,8.26,7.82,7.9,7.88,0,0,0.98,,0,0,-6,-22.2,-6,-23.1,-6,-23.1,-94470,-28.8,0,0,0,0,-75,-7.8
51013,1,722511,78,0,2024,4,,"Arlington County, Virginia",Federal Government,NAICS 722511 Full-service restaurants,"County, NAICS 6-digit -- by ownership sector",All establishment sizes,1,20,21,23,253748,0,0,915,,12.12,7.97,8.26,9.29,7.68,0,0,0.9,,0,0,-5,-20,-4,-16,-2,-8,9259,3.8,0,0,0,0,163,21.7
51013,5,722511,78,0,2024,1,,"Arlington County, Virginia",Private,NAICS 722511 Full-service restaurants,"County, NAICS 6-digit -- by ownership sector",All establishment sizes,254,6188,6132,6238,52912666,39184503,168408,658,,1.21,1.04,1.03,1.03,0.72,1.37,1.5,0.7,,-18,-6.6,311,5.3,313,5.4,256,4.3,3940805,8,2589038,7.1,7008,4.3,19,3
51013,5,722511,78,0,2024,2,,"Arlington County, Virginia",Private,NAICS 722511 Full-service restaurants,"County, NAICS 6-digit -- by ownership sector",All establishment sizes,258,6423,6445,6585,56071210,14858332,104559,665,,1.21,1.05,1.04,1.04,0.74,2.38,3.15,0.71,,25,10.7,399,6.6,290,4.7,334,5.3,3442801,6.5,659062,4.6,27845,36.3,6,0.9
51013,5,722511,78,0,2024,3,,"Arlington County, Virginia",Private,NAICS 722511 Full-service restaurants,"County, NAICS 6-digit -- by ownership sector",All establishment sizes,264,6616,6473,6507,55482415,9502462,74991,653,,1.25,1.02,1.01,1.05,0.71,1.46,2.34,0.69,,25,10.5,322,5.1,181,2.9,294,4.7,2965818,5.6,-701607,-6.9,8848,13.4,8,1.2
51013,5,722511,78,0,2024,4,,"Arlington County, Virginia",Private,NAICS 722511 Full-service restaurants,"County, NAICS 6-digit -- by ownership sector",All establishment sizes,261,6413,6422,6373,55636684,7538772,63872,668,,1.25,1.04,1.04,1.03,0.7,1.39,2.13,0.68,,15,6.1,52,0.8,135,2.1,16,0.3,783654,1.4,-1408609,-15.7,-9523,-13,2,0.3
51059,1,722511,78,0,2024,1,,"Fairfax County, Virginia",Federal Government,NAICS 722511 Full-service restaurants,"County, NAICS 6-digit -- by ownership sector",All establishment sizes,1,0,0,1,4644,0,0,1072,,2.83,0,0,0.11,0.05,0,0,1.26,,-1,-50,-1,-100,-1,-100,0,0,-23580,-83.5,0,0,0,0,-1099,-50.6
51059,1,722511,78,0,2024,2,,"Fairfax County, Virginia",Federal Government,NAICS 722511 Full-service restaurants,"County, NAICS 6-digit -- by ownership sector",All establishment sizes,1,0,0,0,0,0,0,0,,2.86,0,0,0,0,0,0,0,,-1,-50,-1,-100,0,0,0,0,-8893,-100,0,0,0,0,-2052,-100
51059,1,722511,78,0,2024,3,-,"Fairfax County, Virginia",Federal Government,NAICS 722511 Full-service restaurants,"County, NAICS 6-digit -- by ownership sector",All establishment sizes,0,0,0,0,0,0,0,0,N,0,0,0,0,0,0,0,0,N,-1,-100,0,0,0,0,0,0,0,0,0,0,0,0,0,0
51059,1,722511,78,0,2024,4,-,"Fairfax County, Virginia",Federal Government,NAICS 722511 Full-service restaurants,"County, NAICS 6-digit -- by ownership sector",All establishment sizes,0,0,0,0,0,0,0,0,N,0,0,0,0,0,0,0,0,N,0,0,0,0,0,0,0,0,0,0,0,0,0,0,0,0
51059,5,722511,78,0,2024,1,,"Fairfax County, Virginia",Private,NAICS 722511 Full-service restaurants,"County, NAICS 6-digit -- by ownership sector",All establishment sizes,886,19650,19512,19676,174841913,123512748,554603,686,,1.04,0.92,0.91,0.91,0.7,1.09,1.28,0.77,,-92,-9.4,898,4.8,732,3.9,683,3.6,8194989,4.9,5148086,4.3,46637,9.2,6,0.9
51059,5,722511,78,0,2024,2,,"Fairfax County, Virginia",Private,NAICS 722511 Full-service restaurants,"County, NAICS 6-digit -- by ownership sector",All establishment sizes,900,19460,19979,20433,171761485,41831903,227542,662,,1.05,0.89,0.9,0.9,0.66,1.52,1.75,0.74,,23,2.6,444,2.3,671,3.5,516,2.6,5889096,3.6,-6519,0,24128,11.9,5,0.8
51059,5,722511,78,0,2024,3,,"Fairfax County, Virginia",Private,NAICS 722511 Full-service restaurants,"County, NAICS 6-digit -- by ownership sector",All establishment sizes,899,20306,19953,19485,173522525,29195497,189930,670,,1.05,0.9,0.89,0.89,0.7,1.19,1.53,0.78,,19,2.2,334,1.7,307,1.6,236,1.2,5056159,3,-1840609,-5.9,-16762,-8.1,10,1.5
51059,5,722511,78,0,2024,4,,"Fairfax County, Virginia",Private,NAICS 722511 Full-service restaurants,"County, NAICS 6-digit -- by ownership sector",All establishment sizes,909,19549,19639,19694,177493789,24236040,177278,696,,1.07,0.9,0.9,0.9,0.7,1.17,1.59,0.77,,18,2,250,1.3,228,1.2,-97,-0.5,8100225,4.8,-1854632,-7.1,-5062,-2.8,28,4.2
51510,5,722511,78,0,2024,1,,"Alexandria City, Virginia",Private,NAICS 722511 Full-service restaurants,"County, NAICS 6-digit -- by ownership sector",All establishment sizes,170,4848,4753,4881,39156678,29199125,106662,624,,1.22,1.76,1.73,1.75,1.64,2.35,1.93,0.94,,-17,-9.1,198,4.3,12,0.3,-17,-0.3,1384237,3.7,508791,1.8,-21038,-16.5,14,2.3
51510,5,722511,78,0,2024,2,,"Alexandria City, Virginia",Private,NAICS 722511 Full-service restaurants,"County, NAICS 6-digit -- by ownership sector",All establishment sizes,174,5103,5244,5333,44087399,11985554,55637,649,,1.23,1.82,1.83,1.83,1.67,3.55,3.19,0.92,,7,4.2,40,0.8,82,1.6,-83,-1.5,487650,1.1,-154187,-1.3,1398,2.6,6,0.9
51510,5,722511,78,0,2024,3,,"Alexandria City, Virginia",Private,NAICS 722511 Full-service restaurants,"County, NAICS 6-digit -- by ownership sector",All establishment sizes,173,5397,5238,5053,43479275,7397611,38871,640,,1.23,1.87,1.84,1.83,1.63,2.64,2.39,0.88,,9,5.5,46,0.9,-20,-0.4,10,0.2,795218,1.9,-1157360,-13.5,-5771,-12.9,11,1.7
51510,5,722511,78,0,2024,4,,"Alexandria City, Virginia",Private,NAICS 722511 Full-service restaurants,"County, NAICS 6-digit -- by ownership sector",All establishment sizes,170,5010,4961,4937,43820334,5466569,28474,678,,1.23,1.81,1.8,1.78,1.61,2.25,1.95,0.9,,4,2.4,-14,-0.3,17,0.3,-30,-0.6,1673143,4,-732423,-11.8,-10485,-26.9,27,4.1
24017,5,722511,78,0,2017,1,,"Charles County, Maryland",Private,NAICS 722511 Full-service restaurants,"County, NAICS 6-digit -- by ownership sector",All establishment sizes,73,2189,2199,2153,9807349,8809474,94908,346,,1.02,1.42,1.43,1.39,1.6,1.77,1.23,1.13,,1,1.4,-198,-8.3,-209,-8.7,-354,-14.1,-228850,-2.3,-103454,-1.2,-27834,-22.7,29,9.1
24017,5,722511,78,0,2017,2,,"Charles County, Maryland",Private,NAICS 722511 Full-service restaurants,"County, NAICS 6-digit -- by ownership sector",All establishment sizes,72,2191,2284,2305,10382501,5792560,77846,353,,1.01,1.41,1.44,1.44,1.47,2.06,1.67,1.03,,1,1.4,-271,-11,-197,-7.9,-227,-9,-458249,-4.2,-521348,-8.3,-20517,-20.9,18,5.4
24017,5,722511,78,0,2017,3,,"Charles County, Maryland",Private,NAICS 722511 Full-service restaurants,"County, NAICS 6-digit -- by ownership sector",All establishment sizes,73,2305,2308,2283,10198081,3495510,54271,341,,1.03,1.44,1.46,1.46,1.42,1.65,1.44,0.97,,0,0,-209,-8.3,-159,-6.4,-65,-2.8,-1034615,-9.2,-456445,-11.5,-10350,-16,-13,-3.7
24017,5,722511,78,0,2017,4,,"Charles County, Maryland",Private,NAICS 722511 Full-service restaurants,"County, NAICS 6-digit -- by ownership sector",All establishment sizes,73,2250,2191,2134,9953425,2710948,34127,349,,1.03,1.45,1.41,1.37,1.45,1.56,1.2,1.03,,-2,-2.7,-87,-3.7,-161,-6.8,-209,-8.9,-458224,-4.4,-7529,-0.3,-2692,-7.3,7,2
51107,5,722511,78,0,2017,1,,"Loudoun County, Virginia",Private,NAICS 722511 Full-service restaurants,"County, NAICS 6-digit -- by ownership sector",All establishment sizes,266,6563,6427,6472,34672492,29913090,167060,411,,0.89,1.11,1.08,1.07,1.02,1.23,0.63,0.93,,14,5.6,718,12.3,466,7.8,419,6.9,4574914,15.2,3577300,13.6,-34369,-17.1,22,5.7
51107,5,722511,78,0,2017,2,,"Loudoun County, Virginia",Private,NAICS 722511 Full-service restaurants,"County, NAICS 6-digit -- by ownership sector",All establishment sizes,274,6563,6959,7065,37754035,16802462,114202,423,,0.9,1.07,1.1,1.09,1,1.61,1.11,0.92,,14,5.4,506,8.4,493,7.6,410,6.2,3351494,9.7,700529,4.4,-28539,-20,9,2.2
51107,5,722511,78,0,2017,3,,"Loudoun County, Virginia",Private,NAICS 722511 Full-service restaurants,"County, NAICS 6-digit -- by ownership sector",All establishment sizes,274,7028,6962,6617,37805246,11539337,93039,423,,0.9,1.1,1.09,1.08,0.98,1.46,1.09,0.9,,18,7,271,4,98,1.4,99,1.5,1780062,4.9,297228,2.6,-33986,-26.8,10,2.4
51107,5,722511,78,0,2017,4,,"Loudoun County, Virginia",Private,NAICS 722511 Full-service restaurants,"County, NAICS 6-digit -- by ownership sector",All establishment sizes,277,6879,6819,6850,39128676,9666949,79650,439,,0.9,1.12,1.11,1.12,1.04,1.48,1.21,0.93,,17,6.5,484,7.6,428,6.7,369,5.7,4042623,11.5,1314490,15.7,-15533,-16.3,19,4.5
24027,5,722511,78,0,2017,1,,"Howard County, Maryland",Private,NAICS 722511 Full-service restaurants,"County, NAICS 6-digit -- by ownership sector",All establishment sizes,175,5328,5345,5317,28094619,24218004,261045,405,,0.7,0.86,0.86,0.85,0.75,0.87,0.53,0.87,,0,0,97,1.9,70,1.3,-58,-1.1,3043151,12.1,2081270,9.4,4649,1.8,41,11.3
24027,5,722511,78,0,2017,2,,"Howard County, Maryland",Private,NAICS 722511 Full-service restaurants,"County, NAICS 6-digit -- by ownership sector",All establishment sizes,175,5292,5421,5493,28337307,13199384,142100,404,,0.69,0.83,0.83,0.83,0.69,1.29,0.81,0.84,,3,1.7,-108,-2,-15,-0.3,22,0.4,1311971,4.9,-540516,-3.9,-19488,-12.1,22,5.8
24027,5,722511,78,0,2017,3,,"Howard County, Maryland",Private,NAICS 722511 Full-service restaurants,"County, NAICS 6-digit -- by ownership sector",All establishment sizes,176,5414,5362,5354,28325699,8021919,92221,405,,0.71,0.82,0.82,0.84,0.68,0.96,0.62,0.83,,0,0,-30,-0.6,115,2.2,298,5.9,699419,2.5,-389218,-4.6,-10997,-10.7,0,0
24027,5,722511,78,0,2017,4,,"Howard County, Maryland",Private,NAICS 722511 Full-service restaurants,"County, NAICS 6-digit -- by ownership sector",All establishment sizes,173,5255,5268,5198,28314382,6741897,78008,416,,0.69,0.83,0.83,0.82,0.69,0.96,0.63,0.84,,-2,-1.1,194,3.8,120,2.3,-184,-3.4,1958204,7.4,353351,5.5,-2216,-2.8,26,6.7
24003,1,722511,78,0,2017,1,,"Anne Arundel County, Maryland",Federal Government,NAICS 722511 Full-service restaurants,"County, NAICS 6-digit -- by ownership sector",All establishment sizes,1,28,30,30,373297,0,0,979,,5.39,5.17,5.43,5.54,13.22,0,0,2.46,,0,0,-2,-6.7,1,3.4,1,3.4,29965,8.7,0,0,0,0,79,8.8
24003,1,722511,78,0,2017,2,,"Anne Arundel County, Maryland",Federal Government,NAICS 722511 Full-service restaurants,"County, NAICS 6-digit -- by ownership sector",All establishment sizes,1,30,30,30,433328,0,0,1111,,5.52,5.59,5.57,5.53,13.76,0,0,2.47,,0,0,0,0,1,3.4,2,7.1,50192,13.1,0,0,0,0,95,9.4
24003,1,722511,78,0,2017,3,,"Anne Arundel County, Maryland",Federal Government,NAICS 722511 Full-service restaurants,"County, NAICS 6-digit -- by ownership sector",All establishment sizes,1,28,30,31,366852,0,0,951,,5.58,5.07,5.3,5.61,11.74,0,0,2.2,,0,0,-2,-6.7,0,0,2,6.9,30078,8.9,0,0,0,0,78,8.9
24003,1,722511,78,0,2017,4,,"Anne Arundel County, Maryland",Federal Government,NAICS 722511 Full-service restaurants,"County, NAICS 6-digit -- by ownership sector",All establishment sizes,1,32,32,32,468510,0,0,1126,,5.58,5.85,5.84,5.8,14.8,0,0,2.54,,0,0,2,6.7,2,6.7,4,14.3,61545,15.1,0,0,0,0,59,5.5
24003,5,722511,78,0,2017,1,,"Anne Arundel County, Maryland",Private,NAICS 722511 Full-service restaurants,"County, NAICS 6-digit -- by ownership sector",All establishment sizes,383,13472,13265,13316,72015070,62708638,825362,415,,1.01,1.37,1.35,1.33,1.41,1.57,1.36,1.04,,7,1.9,540,4.2,375,2.9,274,2.1,5223506,7.8,4604437,7.9,-13858,-1.7,18,4.5
24003,5,722511,78,0,2017,2,,"Anne Arundel County, Maryland",Private,NAICS 722511 Full-service restaurants,"County, NAICS 6-digit -- by ownership sector",All establishment sizes,385,13664,13942,14331,77509446,36479397,513556,427,,1.01,1.35,1.35,1.36,1.34,1.97,1.83,0.99,,-1,-0.3,-76,-0.6,-179,-1.3,-39,-0.3,1270410,1.7,-1586155,-4.2,-68775,-11.8,10,2.4
24003,5,722511,78,0,2017,3,,"Anne Arundel County, Maryland",Private,NAICS 722511 Full-service restaurants,"County, NAICS 6-digit -- by ownership sector",All establishment sizes,385,14180,13995,13370,77227917,22508494,333852,429,,1.02,1.34,1.33,1.32,1.34,1.56,1.49,1.01,,3,0.8,14,0.1,-109,-0.8,-431,-3.1,-2996179,-3.7,-1997061,-8.1,-60210,-15.3,-11,-2.5
24003,5,722511,78,0,2017,4,,"Anne Arundel County, Maryland",Private,NAICS 722511 Full-service restaurants,"County, NAICS 6-digit -- by ownership sector",All establishment sizes,384,13236,13206,13232,76241801,16360727,231596,443,,1.01,1.31,1.31,1.31,1.33,1.34,1.28,1.01,,1,0.3,-228,-1.7,-446,-3.3,-385,-2.8,45600,0.1,-561464,-3.3,-33514,-12.6,11,2.5
24017,5,722511,78,0,2018,1,,"Charles County, Maryland",Private,NAICS 722511 Full-service restaurants,"County, NAICS 6-digit -- by ownership sector",All establishment sizes,74,2214,2211,2205,10240863,9028465,98386,356,,1.05,1.47,1.45,1.44,1.65,1.81,1.24,1.13,,1,1.4,25,1.1,12,0.5,52,2.4,433514,4.4,218991,2.5,3478,3.7,10,2.9
24017,5,722511,78,0,2018,2,,"Charles County, Maryland",Private,NAICS 722511 Full-service restaurants,"County, NAICS 6-digit -- by ownership sector",All establishment sizes,75,2247,2330,2337,10725335,5740116,78399,358,,1.07,1.45,1.47,1.47,1.5,2.04,1.67,1.03,,3,4.2,56,2.6,46,2,32,1.4,342834,3.3,-52444,-0.9,553,0.7,5,1.4
24017,5,722511,78,0,2018,3,,"Charles County, Maryland",Private,NAICS 722511 Full-service restaurants,"County, NAICS 6-digit -- by ownership sector",All establishment sizes,79,2372,2330,2250,10670615,3524941,58036,354,,1.12,1.5,1.49,1.47,1.49,1.8,1.88,1,,6,8.2,67,2.9,22,1,-33,-1.4,472534,4.6,29431,0.8,3765,6.9,13,3.8
24017,5,722511,78,0,2018,4,,"Charles County, Maryland",Private,NAICS 722511 Full-service restaurants,"County, NAICS 6-digit -- by ownership sector",All establishment sizes,77,2235,2231,2212,10512118,2983568,42751,363,,1.09,1.47,1.46,1.44,1.52,1.77,1.64,1.04,,4,5.5,-15,-0.7,40,1.8,78,3.7,558693,5.6,272620,10.1,8624,25.3,14,4
51107,5,722511,78,0,2018,1,,"Loudoun County, Virginia",Private,NAICS 722511 Full-service restaurants,"County, NAICS 6-digit -- by ownership sector",All establishment sizes,282,6511,6377,6443,36193126,30751855,170010,432,,0.92,1.07,1.05,1.05,1,1.24,0.77,0.95,,16,6,-52,-0.8,-50,-0.8,-29,-0.4,1520634,4.4,838765,2.8,2950,1.8,21,5.1
51107,5,722511,78,0,2018,2,,"Loudoun County, Virginia",Private,NAICS 722511 Full-service restaurants,"County, NAICS 6-digit -- by ownership sector",All establishment sizes,276,6455,6729,6734,38304431,15620839,89543,444,,0.89,1.03,1.05,1.03,0.97,1.53,1.09,0.94,,2,0.7,-108,-1.6,-230,-3.3,-331,-4.7,550396,1.5,-1181623,-7,-24659,-21.6,21,5
51107,5,722511,78,0,2018,3,,"Loudoun County, Virginia",Private,NAICS 722511 Full-service restaurants,"County, NAICS 6-digit -- by ownership sector",All establishment sizes,279,6738,6736,6483,38390211,10405755,73388,444,,0.9,1.02,1.03,1.03,0.93,1.32,1.02,0.9,,5,1.8,-290,-4.1,-226,-3.2,-134,-2,584965,1.5,-1133582,-9.8,-19651,-21.1,21,5
51107,5,722511,78,0,2018,4,,"Loudoun County, Virginia",Private,NAICS 722511 Full-service restaurants,"County, NAICS 6-digit -- by ownership sector",All establishment sizes,284,6477,6567,6592,39873188,8983475,66634,469,,0.9,1.03,1.05,1.05,0.95,1.32,1.1,0.91,,7,2.5,-402,-5.8,-252,-3.7,-258,-3.8,744512,1.9,-683474,-7.1,-13016,-16.3,30,6.8
24003,1,722511,78,0,2018,1,,"Anne Arundel County, Maryland",Federal Government,NAICS 722511 Full-service restaurants,"County, NAICS 6-digit -- by ownership sector",All establishment sizes,1,32,32,31,427945,0,0,1040,,5.57,6.21,6.01,5.88,15.51,0,0,2.58,,0,0,4,14.3,2,6.7,1,3.3,54648,14.6,0,0,0,0,61,6.2
24003,1,722511,78,0,2018,2,,"Anne Arundel County, Maryland",Federal Government,NAICS 722511 Full-service restaurants,"County, NAICS 6-digit -- by ownership sector",All establishment sizes,1,30,31,31,423144,0,0,1061,,5.63,5.58,5.7,5.66,13.56,0,0,2.4,,0,0,0,0,1,3.3,1,3.3,-10184,-2.4,0,0,0,0,-50,-4.5
24003,1,722511,78,0,2018,3,,"Anne Arundel County, Maryland",Federal Government,NAICS 722511 Full-service restaurants,"County, NAICS 6-digit -- by ownership sector",All establishment sizes,1,30,33,32,378636,0,0,920,,5.65,5.42,5.95,5.79,12.32,0,0,2.16,,0,0,2,7.1,3,10,1,3.2,11784,3.2,0,0,0,0,-31,-3.3
24003,1,722511,78,0,2018,4,,"Anne Arundel County, Maryland",Federal Government,NAICS 722511 Full-service restaurants,"County, NAICS 6-digit -- by ownership sector",All establishment sizes,1,32,29,29,417496,0,0,1071,,5.65,5.91,5.36,5.39,13.72,0,0,2.47,,0,0,0,0,-3,-9.4,-3,-9.4,-51014,-10.9,0,0,0,0,-55,-4.9
24003,5,722511,78,0,2018,1,,"Anne Arundel County, Maryland",Private,NAICS 722511 Full-service restaurants,"County, NAICS 6-digit -- by ownership sector",All establishment sizes,367,12737,12615,12770,72717912,62794419,745882,440,,0.97,1.29,1.27,1.27,1.37,1.54,1.38,1.07,,-16,-4.2,-735,-5.5,-650,-4.9,-546,-4.1,702842,1,85781,0.1,-79480,-9.6,25,6
24003,5,722511,78,0,2018,2,,"Anne Arundel County, Maryland",Private,NAICS 722511 Full-service restaurants,"County, NAICS 6-digit -- by ownership sector",All establishment sizes,365,13024,13489,13749,77622868,34355154,438995,445,,0.97,1.28,1.3,1.3,1.3,1.85,1.7,1,,-20,-5.2,-640,-4.7,-453,-3.2,-582,-4.1,113422,0.1,-2124243,-5.8,-74561,-14.5,18,4.2
24003,5,722511,78,0,2018,3,,"Anne Arundel County, Maryland",Private,NAICS 722511 Full-service restaurants,"County, NAICS 6-digit -- by ownership sector",All establishment sizes,370,13624,13601,13546,78126077,21851109,306932,442,,0.98,1.28,1.29,1.32,1.3,1.52,1.51,1,,-15,-3.9,-556,-3.9,-394,-2.8,176,1.3,898160,1.2,-657385,-2.9,-26920,-8.1,13,3
24003,5,722511,78,0,2018,4,,"Anne Arundel County, Maryland",Private,NAICS 722511 Full-service restaurants,"County, NAICS 6-digit -- by ownership sector",All establishment sizes,370,13191,13017,13094,78295240,16883297,225001,460,,0.97,1.3,1.29,1.3,1.33,1.38,1.38,1.02,,-14,-3.6,-45,-0.3,-189,-1.4,-138,-1,2053439,2.7,522570,3.2,-6595,-2.8,17,3.8
24017,5,722511,78,0,2019,1,,"Charles County, Maryland",Private,NAICS 722511 Full-service restaurants,"County, NAICS 6-digit -- by ownership sector",All establishment sizes,76,2318,2278,2292,10852068,9799291,96021,364,,1.08,1.56,1.53,1.52,1.76,2,1.54,1.15,,2,2.7,104,4.7,67,3,87,3.9,611205,6,770826,8.5,-2365,-2.4,8,2.2
24017,5,722511,78,0,2019,2,,"Charles County, Maryland",Private,NAICS 722511 Full-service restaurants,"County, NAICS 6-digit -- by ownership sector",All establishment sizes,76,2378,2526,2496,11853621,6352138,84843,370,,1.07,1.56,1.62,1.58,1.65,2.32,2.2,1.04,,1,1.3,131,5.8,196,8.4,159,6.8,1128286,10.5,612022,10.7,6444,8.2,12,3.4
24017,5,722511,78,0,2019,3,,"Charles County, Maryland",Private,NAICS 722511 Full-service restaurants,"County, NAICS 6-digit -- by ownership sector",All establishment sizes,76,2512,2497,2454,12025398,4038378,64550,372,,1.06,1.6,1.61,1.6,1.62,1.99,2.2,1.01,,-3,-3.8,140,5.9,167,7.2,204,9.1,1354783,12.7,513437,14.6,6514,11.2,18,5.1
24017,5,722511,78,0,2019,4,,"Charles County, Maryland",Private,NAICS 722511 Full-service restaurants,"County, NAICS 6-digit -- by ownership sector",All establishment sizes,77,2446,2421,2382,11660161,3189631,41758,371,,1.07,1.6,1.57,1.54,1.6,1.69,1.56,1.02,,0,0,211,9.4,190,8.5,170,7.7,1148043,10.9,206063,6.9,-993,-2.3,8,2.2
51107,5,722511,78,0,2019,1,,"Loudoun County, Virginia",Private,NAICS 722511 Full-service restaurants,"County, NAICS 6-digit -- by ownership sector",All establishment sizes,285,6494,6405,6546,36834539,31134758,110466,437,,0.92,1.04,1.03,1.03,0.94,1.19,0.55,0.91,,3,1.1,-17,-0.3,28,0.4,103,1.6,641413,1.8,382903,1.2,-59544,-35,5,1.2
51107,5,722511,78,0,2019,2,,"Loudoun County, Virginia",Private,NAICS 722511 Full-service restaurants,"County, NAICS 6-digit -- by ownership sector",All establishment sizes,284,6537,6793,7103,40883649,16326246,71441,462,,0.91,1.01,1.03,1.05,0.98,1.54,0.92,0.95,,8,2.9,82,1.3,64,1,369,5.5,2579218,6.7,705407,4.5,-18102,-20.2,18,4.1
51107,5,722511,78,0,2019,3,,"Loudoun County, Virginia",Private,NAICS 722511 Full-service restaurants,"County, NAICS 6-digit -- by ownership sector",All establishment sizes,289,7051,6934,6644,41678808,11458081,69354,466,,0.94,1.04,1.03,1.04,0.97,1.37,1,0.93,,10,3.6,313,4.6,198,2.9,161,2.5,3288597,8.6,1052326,10.1,-4034,-5.5,22,5
51107,5,722511,78,0,2019,4,,"Loudoun County, Virginia",Private,NAICS 722511 Full-service restaurants,"County, NAICS 6-digit -- by ownership sector",All establishment sizes,294,6864,6834,6986,42925270,9482077,72222,479,,0.94,1.06,1.06,1.08,0.99,1.35,1.25,0.93,,10,3.5,387,6,267,4.1,394,6,3052082,7.7,498602,5.6,5588,8.4,10,2.1
24027,5,722511,78,0,2019,1,,"Howard County, Maryland",Private,NAICS 722511 Full-service restaurants,"County, NAICS 6-digit -- by ownership sector",All establishment sizes,167,5517,5424,5526,29704690,25709575,234622,416,,0.67,0.88,0.86,0.87,0.73,0.89,0.57,0.84,,-6,-3.5,51,0.9,61,1.1,132,2.4,691524,2.4,499187,2,-9240,-3.8,3,0.7
24027,5,722511,78,0,2019,2,,"Howard County, Maryland",Private,NAICS 722511 Full-service restaurants,"County, NAICS 6-digit -- by ownership sector",All establishment sizes,171,5526,5528,5632,30953879,13741557,137161,428,,0.68,0.86,0.85,0.84,0.69,1.34,0.93,0.81,,-2,-1.2,110,2,11,0.2,80,1.4,1322238,4.5,277348,2.1,-2458,-1.8,13,3.1
24027,5,722511,78,0,2019,3,,"Howard County, Maryland",Private,NAICS 722511 Full-service restaurants,"County, NAICS 6-digit -- by ownership sector",All establishment sizes,170,5599,5614,5309,30750506,8250809,79584,430,,0.68,0.83,0.84,0.82,0.66,0.96,0.62,0.8,,-10,-5.6,36,0.6,121,2.2,-125,-2.3,1325717,4.5,-327811,-3.8,-18390,-18.8,18,4.4
24027,5,722511,78,0,2019,4,,"Howard County, Maryland",Private,NAICS 722511 Full-service restaurants,"County, NAICS 6-digit -- by ownership sector",All establishment sizes,169,5356,5344,5371,30182975,6697952,66534,433,,0.68,0.84,0.84,0.84,0.67,0.94,0.6,0.79,,-3,-1.7,-203,-3.7,-165,-3,-179,-3.2,-362960,-1.2,-812896,-10.8,-29491,-30.7,9,2.1
24003,1,722511,78,0,2019,1,,"Anne Arundel County, Maryland",Federal Government,NAICS 722511 Full-service restaurants,"County, NAICS 6-digit -- by ownership sector",All establishment sizes,1,31,34,37,374906,0,0,848,,5.65,6.28,6.73,7.43,13.97,0,0,2.05,,0,0,-1,-3.1,2,6.2,6,19.4,-53039,-12.4,0,0,0,0,-192,-18.5
24003,1,722511,78,0,2019,2,,"Anne Arundel County, Maryland",Federal Government,NAICS 722511 Full-service restaurants,"County, NAICS 6-digit -- by ownership sector",All establishment sizes,1,36,40,42,510909,0,0,999,,5.73,7,7.78,8.12,16.85,0,0,2.21,,0,0,6,20,9,29,11,35.5,87765,20.7,0,0,0,0,-62,-5.8
24003,1,722511,78,0,2019,3,,"Anne Arundel County, Maryland",Federal Government,NAICS 722511 Full-service restaurants,"County, NAICS 6-digit -- by ownership sector",All establishment sizes,1,40,40,41,479770,0,0,915,,5.72,7.64,7.83,8.18,16.05,0,0,2.04,,0,0,10,33.3,7,21.2,9,28.1,101134,26.7,0,0,0,0,-5,-0.5
24003,1,722511,78,0,2019,4,,"Anne Arundel County, Maryland",Federal Government,NAICS 722511 Full-service restaurants,"County, NAICS 6-digit -- by ownership sector",All establishment sizes,1,41,42,41,575049,0,0,1070,,5.69,8.16,8.62,8.43,19.3,0,0,2.3,,0,0,9,28.1,13,44.8,12,41.4,157553,37.7,0,0,0,0,-1,-0.1
24003,5,722511,78,0,2019,1,,"Anne Arundel County, Maryland",Private,NAICS 722511 Full-service restaurants,"County, NAICS 6-digit -- by ownership sector",All establishment sizes,365,12992,12860,12991,74924764,64230009,672317,445,,0.97,1.32,1.31,1.3,1.36,1.55,1.31,1.04,,-2,-0.5,255,2,245,1.9,221,1.7,2206852,3,1435590,2.3,-73565,-9.9,5,1.1
24003,5,722511,78,0,2019,2,,"Anne Arundel County, Maryland",Private,NAICS 722511 Full-service restaurants,"County, NAICS 6-digit -- by ownership sector",All establishment sizes,367,13276,13584,14047,80590127,34761877,392462,455,,0.97,1.3,1.32,1.34,1.29,1.91,1.66,0.98,,2,0.5,252,1.9,95,0.7,298,2.2,2967259,3.8,406723,1.2,-46533,-10.6,10,2.2
24003,5,722511,78,0,2019,3,,"Anne Arundel County, Maryland",Private,NAICS 722511 Full-service restaurants,"County, NAICS 6-digit -- by ownership sector",All establishment sizes,373,14105,13865,13305,83158076,23854380,271176,465,,0.99,1.33,1.32,1.31,1.33,1.64,1.4,1,,3,0.8,481,3.5,264,1.9,-241,-1.8,5031999,6.4,2003271,9.2,-35756,-11.6,23,5.2
24003,5,722511,78,0,2019,4,,"Anne Arundel County, Maryland",Private,NAICS 722511 Full-service restaurants,"County, NAICS 6-digit -- by ownership sector",All establishment sizes,376,12877,12598,12681,78919093,16090918,177165,477,,0.99,1.28,1.26,1.26,1.3,1.3,1.13,1.02,,6,1.6,-314,-2.4,-419,-3.2,-413,-3.2,623853,0.8,-792379,-4.7,-47836,-21.3,17,3.7
24017,5,722511,78,0,2020,1,,"Charles County, Maryland",Private,NAICS 722511 Full-service restaurants,"County, NAICS 6-digit -- by ownership sector",All establishment sizes,78,2291,2395,2234,11504669,10371271,105084,384,,1.08,1.54,1.59,1.55,1.83,2.12,1.78,1.17,,2,2.6,-27,-1.2,117,5.1,-58,-2.5,652601,6,571980,5.8,9063,9.4,20,5.5
24017,5,722511,78,0,2020,2,,"Charles County, Maryland",Private,NAICS 722511 Full-service restaurants,"County, NAICS 6-digit -- by ownership sector",All establishment sizes,75,1039,984,1452,5316688,2321821,25563,353,,1.07,1.95,1.35,1.46,1.59,2.19,1.95,1.03,,-1,-1.3,-1339,-56.3,-1542,-61,-1044,-41.8,-6536933,-55.1,-4030317,-63.4,-59280,-69.9,-17,-4.6
24017,5,722511,78,0,2020,3,,"Charles County, Maryland",Private,NAICS 722511 Full-service restaurants,"County, NAICS 6-digit -- by ownership sector",All establishment sizes,76,1823,1862,1944,9433571,3730146,55533,387,,1.1,1.67,1.69,1.73,1.76,2.09,2.38,1.04,,0,0,-689,-27.4,-635,-25.4,-510,-20.8,-2591827,-21.6,-308232,-7.6,-9017,-14,15,4
24017,5,722511,78,0,2020,4,,"Charles County, Maryland",Private,NAICS 722511 Full-service restaurants,"County, NAICS 6-digit -- by ownership sector",All establishment sizes,79,2029,1938,1884,10336776,2798813,34556,408,,1.15,1.77,1.69,1.77,1.91,2.14,2.27,1.09,,2,2.6,-417,-17,-483,-20,-498,-20.9,-1323385,-11.3,-390818,-12.3,-7202,-17.2,37,10
51107,5,722511,78,0,2020,1,,"Loudoun County, Virginia",Private,NAICS 722511 Full-service restaurants,"County, NAICS 6-digit -- by ownership sector",All establishment sizes,297,6949,6840,6661,39414741,32909744,142659,445,,0.96,1.09,1.07,1.08,0.99,1.23,0.85,0.91,,12,4.2,455,7,435,6.8,115,1.8,2580202,7,1774986,5.7,32193,29.1,8,1.8
51107,5,722511,78,0,2020,2,,"Loudoun County, Virginia",Private,NAICS 722511 Full-service restaurants,"County, NAICS 6-digit -- by ownership sector",All establishment sizes,300,2550,3085,4275,20187815,6960720,35606,470,,0.98,1.09,0.96,1,1.02,1.75,1.39,1.01,,16,5.6,-3987,-61,-3708,-54.6,-2828,-39.8,-20695834,-50.6,-9365526,-57.4,-35835,-50.2,8,1.7
51107,5,722511,78,0,2020,3,,"Loudoun County, Virginia",Private,NAICS 722511 Full-service restaurants,"County, NAICS 6-digit -- by ownership sector",All establishment sizes,295,5143,5296,5191,31941052,9338922,51705,472,,0.96,1.09,1.1,1.07,1,1.53,1.17,0.92,,6,2.1,-1908,-27.1,-1638,-23.6,-1453,-21.9,-9737756,-23.4,-2119159,-18.5,-17649,-25.4,6,1.3
51107,5,722511,78,0,2020,4,,"Loudoun County, Virginia",Private,NAICS 722511 Full-service restaurants,"County, NAICS 6-digit -- by ownership sector",All establishment sizes,300,5315,5339,5266,33740086,7226309,41255,489,,0.98,1.08,1.1,1.16,1.01,1.35,1.14,0.9,,6,2,-1549,-22.6,-1495,-21.9,-1720,-24.6,-9185184,-21.4,-2255768,-23.8,-30967,-42.9,10,2.1
24027,5,722511,78,0,2020,1,,"Howard County, Maryland",Private,NAICS 722511 Full-service restaurants,"County, NAICS 6-digit -- by ownership sector",All establishment sizes,170,5333,5382,4999,29221524,25187824,194056,429,,0.68,0.85,0.85,0.83,0.7,0.87,0.51,0.83,,3,1.8,-184,-3.3,-42,-0.8,-527,-9.5,-483166,-1.6,-521751,-2,-40566,-17.3,13,3.1
24027,5,722511,78,0,2020,2,,"Howard County, Maryland",Private,NAICS 722511 Full-service restaurants,"County, NAICS 6-digit -- by ownership sector",All establishment sizes,171,1937,2191,3145,13644699,4954304,39592,433,,0.71,0.83,0.69,0.75,0.64,1.31,0.77,0.85,,0,0,-3589,-64.9,-3337,-60.4,-2487,-44.2,-17309180,-55.9,-8787253,-63.9,-97569,-71.1,5,1.2
24027,5,722511,78,0,2020,3,,"Howard County, Maryland",Private,NAICS 722511 Full-service restaurants,"County, NAICS 6-digit -- by ownership sector",All establishment sizes,165,3619,3560,3661,21148304,6538806,54062,450,,0.69,0.79,0.77,0.78,0.61,1.1,0.65,0.78,,-5,-2.9,-1980,-35.4,-2054,-36.6,-1648,-31,-9602202,-31.2,-1712003,-20.7,-25522,-32.1,20,4.7
24027,5,722511,78,0,2020,4,,"Howard County, Maryland",Private,NAICS 722511 Full-service restaurants,"County, NAICS 6-digit -- by ownership sector",All establishment sizes,165,3784,3838,3675,21591149,5132206,46245,441,,0.69,0.8,0.82,0.84,0.63,0.97,0.62,0.77,,-4,-2.4,-1572,-29.4,-1506,-28.2,-1696,-31.6,-8591826,-28.5,-1565746,-23.4,-20289,-30.5,8,1.8
24003,1,722511,78,0,2020,1,,"Anne Arundel County, Maryland",Federal Government,NAICS 722511 Full-service restaurants,"County, NAICS 6-digit -- by ownership sector",All establishment sizes,1,41,39,36,537072,0,0,1068,,5.64,8.86,8.12,7.69,19.77,0,0,2.41,,0,0,10,32.3,5,14.7,-1,-2.7,162166,43.3,0,0,0,0,220,25.9
24003,1,722511,78,0,2020,2,,"Anne Arundel County, Maryland",Federal Government,NAICS 722511 Full-service restaurants,"County, NAICS 6-digit -- by ownership sector",All establishment sizes,1,34,32,32,411953,0,0,970,,5.78,7.78,7.28,7.24,16.96,0,0,2.28,,0,0,-2,-5.6,-8,-20,-10,-23.8,-98956,-19.4,0,0,0,0,-29,-2.9
24003,1,722511,78,0,2020,3,,"Anne Arundel County, Maryland",Federal Government,NAICS 722511 Full-service restaurants,"County, NAICS 6-digit -- by ownership sector",All establishment sizes,1,31,31,31,466079,0,0,1157,,5.94,6.73,7.41,7.48,18.3,0,0,2.55,,0,0,-9,-22.5,-9,-22.5,-10,-24.4,-13691,-2.9,0,0,0,0,242,26.4
24003,1,722511,78,0,2020,4,,"Anne Arundel County, Maryland",Federal Government,NAICS 722511 Full-service restaurants,"County, NAICS 6-digit -- by ownership sector",All establishment sizes,1,29,30,33,438447,0,0,1100,,5.97,7.02,7.46,8.57,18.1,0,0,2.36,,0,0,-12,-29.3,-12,-28.6,-8,-19.5,-136602,-23.8,0,0,0,0,30,2.8
24003,5,722511,78,0,2020,1,,"Anne Arundel County, Maryland",Private,NAICS 722511 Full-service restaurants,"County, NAICS 6-digit -- by ownership sector",All establishment sizes,375,12433,12362,11830,72977395,62460105,595739,460,,0.99,1.25,1.24,1.24,1.29,1.49,1.23,1.04,,10,2.7,-559,-4.3,-498,-3.9,-1161,-8.9,-1947369,-2.6,-1769904,-2.8,-76578,-11.4,15,3.4
24003,5,722511,78,0,2020,2,,"Anne Arundel County, Maryland",Private,NAICS 722511 Full-service restaurants,"County, NAICS 6-digit -- by ownership sector",All establishment sizes,371,4343,5073,7670,33411363,12219920,102684,451,,1.01,1.21,1.03,1.16,1.14,1.86,1.29,1.01,,4,1.1,-8933,-67.3,-8511,-62.7,-6377,-45.4,-47178764,-58.5,-22541957,-64.8,-289778,-73.8,-4,-0.9
24003,5,722511,78,0,2020,3,,"Anne Arundel County, Maryland",Private,NAICS 722511 Full-service restaurants,"County, NAICS 6-digit -- by ownership sector",All establishment sizes,374,9499,9568,9667,59098787,19389505,187245,475,,1.04,1.29,1.29,1.29,1.26,1.84,1.33,0.98,,1,0.3,-4606,-32.7,-4297,-31,-3638,-27.3,-24059289,-28.9,-4464875,-18.7,-83931,-31,10,2.2
24003,5,722511,78,0,2020,4,,"Anne Arundel County, Maryland",Private,NAICS 722511 Full-service restaurants,"County, NAICS 6-digit -- by ownership sector",All establishment sizes,380,9835,9805,9104,61404008,13230897,126177,493,,1.05,1.29,1.3,1.3,1.32,1.57,1.12,1.02,,4,1.1,-3042,-23.6,-2793,-22.2,-3577,-28.2,-17515085,-22.2,-2860021,-17.8,-50988,-28.8,16,3.4
24017,5,722511,78,0,2021,1,,"Charles County, Maryland",Private,NAICS 722511 Full-service restaurants,"County, NAICS 6-digit -- by ownership sector",All establishment sizes,81,1807,1878,1912,9499410,8342963,245205,392,,1.19,1.77,1.74,1.68,2.03,2.34,2.47,1.18,,3,3.8,-484,-21.1,-517,-21.6,-322,-14.4,-2005259,-17.4,-2028308,-19.6,140121,133.3,8,2.1
24017,5,722511,78,0,2021,2,,"Charles County, Maryland",Private,NAICS 722511 Full-service restaurants,"County, NAICS 6-digit -- by ownership sector",All establishment sizes,82,2092,2202,2310,12620179,6385939,214872,441,,1.21,1.73,1.76,1.74,1.83,2.64,2.68,1.05,,7,9.3,1053,101.3,1218,123.8,858,59.1,7303491,137.4,4064118,175,189309,740.6,88,24.9
24017,5,722511,78,0,2021,3,,"Charles County, Maryland",Private,NAICS 722511 Full-service restaurants,"County, NAICS 6-digit -- by ownership sector",All establishment sizes,81,2385,2316,2258,13453004,4884057,165477,446,,1.19,1.74,1.71,1.7,1.77,2.37,2.53,1.03,,5,6.6,562,30.8,454,24.4,314,16.2,4019433,42.6,1153911,30.9,109944,198,59,15.2
24017,5,722511,78,0,2021,4,,"Charles County, Maryland",Private,NAICS 722511 Full-service restaurants,"County, NAICS 6-digit -- by ownership sector",All establishment sizes,82,2265,2266,2286,13582153,3553288,103647,460,,1.21,1.69,1.68,1.68,1.76,2.06,2.18,1.05,,3,3.8,236,11.6,328,16.9,402,21.3,3245377,31.4,754475,27,69091,199.9,52,12.7
51107,5,722511,78,0,2021,1,,"Loudoun County, Virginia",Private,NAICS 722511 Full-service restaurants,"County, NAICS 6-digit -- by ownership sector",All establishment sizes,298,5233,5121,5286,31621438,25803236,185026,467,,0.97,1.18,1.08,1.07,1.06,1.31,1.09,0.96,,1,0.3,-1716,-24.7,-1719,-25.1,-1375,-20.6,-7793303,-19.8,-7106508,-21.6,42367,29.7,22,4.9
51107,5,722511,78,0,2021,2,,"Loudoun County, Virginia",Private,NAICS 722511 Full-service restaurants,"County, NAICS 6-digit -- by ownership sector",All establishment sizes,304,5486,5856,6385,40803246,15398133,124433,531,,0.98,1.04,1.06,1.09,1.02,1.6,1.31,0.95,,4,1.3,2936,115.1,2771,89.8,2110,49.4,20615431,102.1,8437413,121.2,88827,249.5,61,13
51107,5,722511,78,0,2021,3,,"Loudoun County, Virginia",Private,NAICS 722511 Full-service restaurants,"County, NAICS 6-digit -- by ownership sector",All establishment sizes,306,6532,6412,6096,46741982,12882338,110306,567,,0.97,1.07,1.06,1.05,0.99,1.46,1.19,0.94,,11,3.7,1389,27,1116,21.1,905,17.4,14800930,46.3,3543416,37.9,58601,113.3,95,20.1
51107,5,722511,78,0,2021,4,,"Loudoun County, Virginia",Private,NAICS 722511 Full-service restaurants,"County, NAICS 6-digit -- by ownership sector",All establishment sizes,309,6178,6197,6248,48810154,9726483,82964,605,,0.96,1.05,1.05,1.06,1.03,1.26,1.04,0.97,,9,3,863,16.2,858,16.1,982,18.6,15070068,44.7,2500174,34.6,41709,101.1,116,23.7
24027,5,722511,78,0,2021,1,,"Howard County, Maryland",Private,NAICS 722511 Full-service restaurants,"County, NAICS 6-digit -- by ownership sector",All establishment sizes,163,3631,3647,3818,21335397,17807090,505238,444,,0.69,0.85,0.8,0.8,0.68,0.86,0.85,0.84,,-7,-4.1,-1702,-31.9,-1735,-32.2,-1181,-23.6,-7886127,-27,-7380734,-29.3,311182,160.4,15,3.5
24027,5,722511,78,0,2021,2,,"Howard County, Maryland",Private,NAICS 722511 Full-service restaurants,"County, NAICS 6-digit -- by ownership sector",All establishment sizes,170,4045,4249,4498,27241223,11417273,321905,491,,0.72,0.81,0.81,0.82,0.65,1.23,1.08,0.8,,-1,-0.6,2108,108.8,2058,93.9,1353,43,13596524,99.6,6462969,130.5,282313,713.1,58,13.4
24027,5,722511,78,0,2021,3,,"Howard County, Maryland",Private,NAICS 722511 Full-service restaurants,"County, NAICS 6-digit -- by ownership sector",All establishment sizes,167,4663,4589,4399,31012296,9821163,278404,524,,0.7,0.82,0.81,0.8,0.64,1.13,0.97,0.79,,2,1.2,1044,28.8,1029,28.9,738,20.2,9863992,46.6,3282357,50.2,224342,415,74,16.4
24027,5,722511,78,0,2021,4,,"Howard County, Maryland",Private,NAICS 722511 Full-service restaurants,"County, NAICS 6-digit -- by ownership sector",All establishment sizes,173,4501,4551,4648,31791638,7861934,222098,536,,0.73,0.82,0.83,0.84,0.65,1.05,1.02,0.79,,8,4.8,717,18.9,713,18.6,973,26.5,10200489,47.2,2729728,53.2,175853,380.3,95,21.5
24003,1,722511,78,0,2021,1,,"Anne Arundel County, Maryland",Federal Government,NAICS 722511 Full-service restaurants,"County, NAICS 6-digit -- by ownership sector",All establishment sizes,1,33,36,36,528058,0,0,1161,,6,9.07,9.43,9.49,24.02,0,0,2.57,,0,0,-8,-19.5,-3,-7.7,0,0,-9014,-1.7,0,0,0,0,93,8.7
24003,1,722511,78,0,2021,2,,"Anne Arundel County, Maryland",Federal Government,NAICS 722511 Full-service restaurants,"County, NAICS 6-digit -- by ownership sector",All establishment sizes,1,38,39,40,474664,0,0,936,,6.12,10.1,10.51,10.72,20.9,0,0,2,,0,0,4,11.8,7,21.9,8,25,62711,15.2,0,0,0,0,-34,-3.5
24003,1,722511,78,0,2021,3,,"Anne Arundel County, Maryland",Federal Government,NAICS 722511 Full-service restaurants,"County, NAICS 6-digit -- by ownership sector",All establishment sizes,1,40,40,41,605259,0,0,1154,,6.19,10.46,10.69,11.15,25.18,0,0,2.34,,0,0,9,29,9,29,10,32.3,139180,29.9,0,0,0,0,-3,-0.3
24003,1,722511,78,0,2021,4,,"Anne Arundel County, Maryland",Federal Government,NAICS 722511 Full-service restaurants,"County, NAICS 6-digit -- by ownership sector",All establishment sizes,1,40,41,41,525923,0,0,995,,6.28,11,11.16,11.95,22.31,0,0,1.96,,0,0,11,37.9,11,36.7,8,24.2,87476,20,0,0,0,0,-105,-9.5
24003,5,722511,78,0,2021,1,,"Anne Arundel County, Maryland",Private,NAICS 722511 Full-service restaurants,"County, NAICS 6-digit -- by ownership sector",All establishment sizes,374,8420,8814,9324,53716577,44559092,1372489,467,,1.04,1.23,1.22,1.22,1.25,1.51,1.65,1.02,,-1,-0.3,-4013,-32.3,-3548,-28.7,-2506,-21.2,-19260818,-26.4,-17901013,-28.7,776750,130.4,7,1.5
24003,5,722511,78,0,2021,2,,"Anne Arundel County, Maryland",Private,NAICS 722511 Full-service restaurants,"County, NAICS 6-digit -- by ownership sector",All establishment sizes,376,10133,10789,11592,75382514,31868332,1000517,535,,1.05,1.26,1.28,1.31,1.26,2.12,2.01,0.98,,5,1.3,5790,133.3,5716,112.7,3922,51.1,41971151,125.6,19648412,160.8,897833,874.4,84,18.6
24003,5,722511,78,0,2021,3,,"Anne Arundel County, Maryland",Private,NAICS 722511 Full-service restaurants,"County, NAICS 6-digit -- by ownership sector",All establishment sizes,374,11993,11822,11275,84318164,25510920,798119,555,,1.05,1.31,1.3,1.27,1.28,1.92,1.81,0.99,,0,0,2494,26.3,2254,23.6,1608,16.6,25219377,42.7,6121415,31.6,610874,326.2,80,16.8
24003,5,722511,78,0,2021,4,,"Anne Arundel County, Maryland",Private,NAICS 722511 Full-service restaurants,"County, NAICS 6-digit -- by ownership sector",All establishment sizes,374,11385,11277,11343,85234929,18484109,565852,578,,1.05,1.27,1.26,1.26,1.28,1.61,1.64,1.01,,-6,-1.6,1550,15.8,1472,15,2239,24.6,23830921,38.8,5253212,39.7,439675,348.5,85,17.2
24017,5,722511,78,0,2022,1,,"Charles County, Maryland",Private,NAICS 722511 Full-service restaurants,"County, NAICS 6-digit -- by ownership sector",All establishment sizes,82,2225,2233,2254,12424414,10811607,185675,427,,1.22,1.71,1.69,1.67,1.94,2.26,2,1.14,,1,1.2,418,23.1,355,18.9,342,17.9,2925004,30.8,2468644,29.6,-59530,-24.3,35,8.9
24017,5,722511,78,0,2022,2,,"Charles County, Maryland",Private,NAICS 722511 Full-service restaurants,"County, NAICS 6-digit -- by ownership sector",All establishment sizes,85,2318,2377,2444,14059146,6282069,124219,454,,1.25,1.69,1.7,1.71,1.71,2.69,2.49,1,,3,3.7,226,10.8,175,7.9,134,5.8,1438967,11.4,-103870,-1.6,-90653,-42.2,13,2.9
24017,5,722511,78,0,2022,3,,"Charles County, Maryland",Private,NAICS 722511 Full-service restaurants,"County, NAICS 6-digit -- by ownership sector",All establishment sizes,81,2378,2336,2246,14229421,4016529,82482,472,,1.17,1.64,1.65,1.63,1.59,2.19,2.11,0.97,,0,0,-7,-0.3,20,0.9,-12,-0.5,776417,5.8,-867528,-17.8,-82995,-50.2,26,5.8
24017,5,722511,78,0,2022,4,,"Charles County, Maryland",Private,NAICS 722511 Full-service restaurants,"County, NAICS 6-digit -- by ownership sector",All establishment sizes,83,2263,2254,2270,13629203,2959671,55141,463,,1.2,1.64,1.63,1.62,1.65,1.89,1.72,1.01,,1,1.2,-2,-0.1,-12,-0.5,-16,-0.7,47050,0.3,-593617,-16.7,-48506,-46.8,3,0.7
51107,5,722511,78,0,2022,1,,"Loudoun County, Virginia",Private,NAICS 722511 Full-service restaurants,"County, NAICS 6-digit -- by ownership sector",All establishment sizes,318,6274,6259,6304,43832388,34381423,232834,537,,0.98,1.09,1.07,1.07,1.04,1.3,1.13,0.97,,20,6.7,1041,19.9,1138,22.2,1018,19.3,12210950,38.6,8578187,33.2,47808,25.8,70,15
51107,5,722511,78,0,2022,2,,"Loudoun County, Virginia",Private,NAICS 722511 Full-service restaurants,"County, NAICS 6-digit -- by ownership sector",All establishment sizes,325,6339,6568,6757,48323823,15234449,115772,567,,0.99,1.04,1.05,1.06,0.96,1.5,1.32,0.92,,21,6.9,853,15.5,712,12.2,372,5.8,7520577,18.4,-163684,-1.1,-8661,-7,36,6.8
51107,5,722511,78,0,2022,3,,"Loudoun County, Virginia",Private,NAICS 722511 Full-service restaurants,"County, NAICS 6-digit -- by ownership sector",All establishment sizes,331,6917,6823,6456,52233375,11655749,98644,597,,0.98,1.06,1.06,1.04,0.97,1.32,1.15,0.92,,25,8.2,385,5.9,411,6.4,360,5.9,5491393,11.7,-1226589,-9.5,-11662,-10.6,30,5.3
51107,5,722511,78,0,2022,4,,"Loudoun County, Virginia",Private,NAICS 722511 Full-service restaurants,"County, NAICS 6-digit -- by ownership sector",All establishment sizes,348,6754,6805,6920,52442259,10243503,119467,591,,1.01,1.08,1.09,1.11,1,1.4,1.75,0.91,,39,12.6,576,9.3,608,9.8,672,10.8,3632105,7.4,517020,5.3,36503,44,-14,-2.3
24027,5,722511,78,0,2022,1,,"Howard County, Maryland",Private,NAICS 722511 Full-service restaurants,"County, NAICS 6-digit -- by ownership sector",All establishment sizes,173,5113,5117,5178,34347063,27726046,438738,514,,0.73,0.96,0.95,0.95,0.84,1.06,0.87,0.89,,10,6.1,1482,40.8,1470,40.3,1360,35.6,13011666,61,9918956,55.7,-66500,-13.2,70,15.8
24027,5,722511,78,0,2022,2,,"Howard County, Maryland",Private,NAICS 722511 Full-service restaurants,"County, NAICS 6-digit -- by ownership sector",All establishment sizes,177,5338,5463,5640,38759626,14026305,226830,544,,0.74,0.95,0.95,0.96,0.8,1.55,1.23,0.84,,7,4.1,1293,32,1214,28.6,1142,25.4,11518403,42.3,2609032,22.9,-95075,-29.5,53,10.8
24027,5,722511,78,0,2022,3,,"Howard County, Maryland",Private,NAICS 722511 Full-service restaurants,"County, NAICS 6-digit -- by ownership sector",All establishment sizes,187,5884,5592,5241,40126707,10775837,181929,554,,0.77,0.99,0.95,0.93,0.77,1.36,1.05,0.81,,20,12,1221,26.2,1003,21.9,842,19.1,9114411,29.4,954674,9.7,-96475,-34.7,30,5.7
24027,5,722511,78,0,2022,4,,"Howard County, Maryland",Private,NAICS 722511 Full-service restaurants,"County, NAICS 6-digit -- by ownership sector",All establishment sizes,193,5372,5374,5492,38571810,8296784,142733,548,,0.8,0.95,0.96,0.97,0.79,1.27,1.06,0.82,,20,11.6,871,19.4,823,18.1,844,18.2,6780172,21.3,434850,5.5,-79365,-35.7,12,2.2
24003,1,722511,78,0,2022,1,,"Anne Arundel County, Maryland",Federal Government,NAICS 722511 Full-service restaurants,"County, NAICS 6-digit -- by ownership sector",All establishment sizes,1,41,37,37,588747,0,0,1181,,6.3,13.72,12.34,12.08,30.43,0,0,2.39,,0,0,8,24.2,1,2.8,1,2.8,60689,11.5,0,0,0,0,20,1.7
24003,1,722511,78,0,2022,2,,"Anne Arundel County, Maryland",Federal Government,NAICS 722511 Full-service restaurants,"County, NAICS 6-digit -- by ownership sector",All establishment sizes,1,36,35,35,486957,0,0,1060,,6.3,11.61,10.93,10.78,20.52,0,0,1.85,,0,0,-2,-5.3,-4,-10.3,-5,-12.5,12293,2.6,0,0,0,0,124,13.2
24003,1,722511,78,0,2022,3,,"Anne Arundel County, Maryland",Federal Government,NAICS 722511 Full-service restaurants,"County, NAICS 6-digit -- by ownership sector",All establishment sizes,1,36,35,36,621323,0,0,1340,,6.38,10.47,10.33,10.65,23.78,0,0,2.27,,0,0,-4,-10,-5,-12.5,-5,-12.2,16064,2.7,0,0,0,0,186,16.1
24003,1,722511,78,0,2022,4,,"Anne Arundel County, Maryland",Federal Government,NAICS 722511 Full-service restaurants,"County, NAICS 6-digit -- by ownership sector",All establishment sizes,1,38,39,39,568324,0,0,1131,,6.44,11.29,11.65,11.65,22.09,0,0,1.92,,0,0,-2,-5,-2,-4.9,-2,-4.9,42401,8.1,0,0,0,0,136,13.7
24003,5,722511,78,0,2022,1,,"Anne Arundel County, Maryland",Private,NAICS 722511 Full-service restaurants,"County, NAICS 6-digit -- by ownership sector",All establishment sizes,367,10796,10819,11110,72709821,59132405,1031465,513,,1.03,1.3,1.29,1.31,1.29,1.52,1.41,0.99,,-7,-1.9,2376,28.2,2005,22.7,1786,19.2,18993244,35.4,14573313,32.7,-341024,-24.8,46,9.9
24003,5,722511,78,0,2022,2,,"Anne Arundel County, Maryland",Private,NAICS 722511 Full-service restaurants,"County, NAICS 6-digit -- by ownership sector",All establishment sizes,377,11478,11950,12362,85504745,32316994,570098,551,,1.05,1.32,1.34,1.35,1.26,2.17,1.87,0.94,,1,0.3,1345,13.3,1161,10.8,770,6.6,10122231,13.4,448662,1.4,-430419,-43,16,3
24003,5,722511,78,0,2022,3,,"Anne Arundel County, Maryland",Private,NAICS 722511 Full-service restaurants,"County, NAICS 6-digit -- by ownership sector",All establishment sizes,381,12422,12370,11745,92045132,23338311,417252,581,,1.04,1.33,1.33,1.3,1.25,1.79,1.5,0.95,,7,1.9,429,3.6,548,4.6,470,4.2,7726968,9.2,-2172609,-8.5,-380867,-47.7,26,4.7
24003,5,722511,78,0,2022,4,,"Anne Arundel County, Maryland",Private,NAICS 722511 Full-service restaurants,"County, NAICS 6-digit -- by ownership sector",All establishment sizes,388,11833,11792,11815,88873525,17539079,307449,579,,1.07,1.33,1.32,1.33,1.33,1.61,1.37,1,,14,3.7,448,3.9,515,4.6,472,4.2,3638596,4.3,-945030,-5.1,-258403,-45.7,1,0.2
24017,5,722511,78,0,2023,1,,"Charles County, Maryland",Private,NAICS 722511 Full-service restaurants,"County, NAICS 6-digit -- by ownership sector",All establishment sizes,85,2291,2277,2347,14246691,11878477,196469,475,,1.24,1.66,1.64,1.65,1.82,2.3,1.9,1.1,,3,3.7,66,3,44,2,93,4.1,1822277,14.7,1066870,9.9,10794,5.8,48,11.2
24017,5,722511,78,0,2023,2,,"Charles County, Maryland",Private,NAICS 722511 Full-service restaurants,"County, NAICS 6-digit -- by ownership sector",All establishment sizes,85,2370,2408,2488,14739420,5779675,110317,468,,1.22,1.65,1.63,1.66,1.67,2.57,2.33,1.01,,0,0,52,2.2,31,1.3,44,1.8,680274,4.8,-502394,-8,-13902,-11.2,14,3.1
24017,5,722511,78,0,2023,3,,"Charles County, Maryland",Private,NAICS 722511 Full-service restaurants,"County, NAICS 6-digit -- by ownership sector",All establishment sizes,84,2416,2364,2256,14318777,3423874,65176,470,,1.19,1.62,1.61,1.58,1.5,1.97,1.77,0.94,,3,3.7,38,1.6,28,1.2,10,0.4,89356,0.6,-592655,-14.8,-17306,-21,-2,-0.4
24017,5,722511,78,0,2023,4,,"Charles County, Maryland",Private,NAICS 722511 Full-service restaurants,"County, NAICS 6-digit -- by ownership sector",All establishment sizes,85,2222,2241,2234,14050475,2696033,46140,484,,1.2,1.56,1.56,1.54,1.59,1.82,1.52,1.03,,2,2.4,-41,-1.8,-13,-0.6,-36,-1.6,421272,3.1,-263638,-8.9,-9001,-16.3,21,4.5
51107,5,722511,78,0,2023,1,,"Loudoun County, Virginia",Private,NAICS 722511 Full-service restaurants,"County, NAICS 6-digit -- by ownership sector",All establishment sizes,363,7110,7011,7214,53114929,40496379,230799,575,,1.02,1.13,1.11,1.13,1.06,1.35,1.63,0.94,,45,14.2,836,13.3,752,12,910,14.4,9282541,21.2,6114956,17.8,-2035,-0.9,38,7.1
51107,5,722511,78,0,2023,2,,"Loudoun County, Virginia",Private,NAICS 722511 Full-service restaurants,"County, NAICS 6-digit -- by ownership sector",All establishment sizes,311,7175,7436,7727,55406950,15860389,106906,572,,0.99,1.11,1.12,1.13,1.01,1.7,2.07,0.9,,-14,-4.3,836,13.2,868,13.2,970,14.4,7083127,14.7,625940,4.1,-8866,-7.7,5,0.9
51107,5,722511,78,0,2023,3,,"Loudoun County, Virginia",Private,NAICS 722511 Full-service restaurants,"County, NAICS 6-digit -- by ownership sector",All establishment sizes,315,7639,7490,7186,56830557,11547935,79620,588,,1,1.11,1.1,1.1,1.02,1.4,1.58,0.93,,-16,-4.8,722,10.4,667,9.8,730,11.3,4597182,8.8,-107814,-0.9,-19024,-19.3,-9,-1.5
51107,5,722511,78,0,2023,4,,"Loudoun County, Virginia",Private,NAICS 722511 Full-service restaurants,"County, NAICS 6-digit -- by ownership sector",All establishment sizes,323,7165,7228,7237,56137902,9363988,75076,599,,1.01,1.09,1.1,1.1,0.99,1.3,1.66,0.9,,-25,-7.2,411,6.1,423,6.2,317,4.6,3695643,7,-879515,-8.6,-44391,-37.2,8,1.4
24027,5,722511,78,0,2023,1,,"Howard County, Maryland",Private,NAICS 722511 Full-service restaurants,"County, NAICS 6-digit -- by ownership sector",All establishment sizes,193,5435,5351,5411,39650576,30965843,497836,565,,0.81,0.95,0.93,0.93,0.83,1.08,0.88,0.88,,20,11.6,322,6.3,234,4.6,233,4.5,5303513,15.4,3239797,11.7,59098,13.5,51,9.9
24027,5,722511,78,0,2023,2,,"Howard County, Maryland",Private,NAICS 722511 Full-service restaurants,"County, NAICS 6-digit -- by ownership sector",All establishment sizes,191,5436,5477,5641,39797696,12836999,210617,555,,0.79,0.93,0.91,0.92,0.76,1.44,1.15,0.83,,14,7.9,98,1.8,14,0.3,1,0,1038070,2.7,-1189306,-8.5,-16213,-7.1,11,2
24027,5,722511,78,0,2023,3,,"Howard County, Maryland",Private,NAICS 722511 Full-service restaurants,"County, NAICS 6-digit -- by ownership sector",All establishment sizes,195,5712,5700,5473,40347592,8999766,151470,551,,0.8,0.93,0.93,0.93,0.75,1.18,0.94,0.81,,8,4.3,-172,-2.9,108,1.9,232,4.4,220885,0.6,-1776071,-16.5,-30459,-16.7,-3,-0.5
24027,5,722511,78,0,2023,4,,"Howard County, Maryland",Private,NAICS 722511 Full-service restaurants,"County, NAICS 6-digit -- by ownership sector",All establishment sizes,197,5436,5406,5357,39667189,7466752,122807,565,,0.79,0.93,0.93,0.93,0.76,1.2,0.92,0.81,,4,2.1,64,1.2,32,0.6,-135,-2.5,1095379,2.8,-830032,-10,-19926,-14,17,3.1
24003,1,722511,78,0,2023,1,,"Anne Arundel County, Maryland",Federal Government,NAICS 722511 Full-service restaurants,"County, NAICS 6-digit -- by ownership sector",All establishment sizes,1,36,39,39,619232,0,0,1254,,6.53,10.53,11.14,11.2,25.47,0,0,2.32,,0,0,-5,-12.2,2,5.4,2,5.4,30485,5.2,0,0,0,0,73,6.2
24003,1,722511,78,0,2023,2,,"Anne Arundel County, Maryland",Federal Government,NAICS 722511 Full-service restaurants,"County, NAICS 6-digit -- by ownership sector",All establishment sizes,1,41,44,46,596531,0,0,1051,,6.46,11.58,12.07,12.58,20.94,0,0,1.73,,0,0,5,13.9,9,25.7,11,31.4,109574,22.5,0,0,0,0,-9,-0.8
24003,1,722511,78,0,2023,3,,"Anne Arundel County, Maryland",Federal Government,NAICS 722511 Full-service restaurants,"County, NAICS 6-digit -- by ownership sector",All establishment sizes,1,42,41,43,689579,0,0,1263,,6.49,11.4,11.3,11.94,24.63,0,0,2.13,,0,0,6,16.7,6,17.1,7,19.4,68256,11,0,0,0,0,-77,-5.7
24003,1,722511,78,0,2023,4,,"Anne Arundel County, Maryland",Federal Government,NAICS 722511 Full-service restaurants,"County, NAICS 6-digit -- by ownership sector",All establishment sizes,1,43,44,43,586820,0,0,1042,,6.51,11.23,11.59,11.21,19.3,0,0,1.7,,0,0,5,13.2,5,12.8,4,10.3,18496,3.3,0,0,0,0,-89,-7.9
24003,5,722511,78,0,2023,1,,"Anne Arundel County, Maryland",Private,NAICS 722511 Full-service restaurants,"County, NAICS 6-digit -- by ownership sector",All establishment sizes,388,12088,12070,12145,87454120,69076912,1207791,556,,1.08,1.3,1.29,1.28,1.27,1.6,1.5,0.98,,21,5.7,1292,12,1251,11.6,1035,9.3,14744299,20.3,9944507,16.8,176326,17.1,43,8.4
24003,5,722511,78,0,2023,2,,"Anne Arundel County, Maryland",Private,NAICS 722511 Full-service restaurants,"County, NAICS 6-digit -- by ownership sector",All establishment sizes,392,12471,13066,13425,97671470,33653307,659164,579,,1.08,1.3,1.33,1.34,1.28,2.37,2.29,0.97,,15,4,993,8.7,1116,9.3,1063,8.6,12166725,14.2,1336313,4.1,89066,15.6,28,5.1
24003,5,722511,78,0,2023,3,,"Anne Arundel County, Maryland",Private,NAICS 722511 Full-service restaurants,"County, NAICS 6-digit -- by ownership sector",All establishment sizes,393,13520,13250,12672,96179768,21670549,381804,563,,1.07,1.35,1.33,1.31,1.22,1.79,1.55,0.92,,12,3.1,1098,8.8,880,7.1,927,7.9,4134636,4.5,-1667762,-7.1,-35448,-8.5,-18,-3.1
24003,5,722511,78,0,2023,4,,"Anne Arundel County, Maryland",Private,NAICS 722511 Full-service restaurants,"County, NAICS 6-digit -- by ownership sector",All establishment sizes,396,12435,12257,12315,96806372,15851024,262010,604,,1.06,1.29,1.28,1.28,1.3,1.51,1.25,1.01,,8,2.1,602,5.1,465,3.9,500,4.2,7932847,8.9,-1688055,-9.6,-45439,-14.8,25,4.3
24017,5,722511,78,0,2024,1,,"Charles County, Maryland",Private,NAICS 722511 Full-service restaurants,"County, NAICS 6-digit -- by ownership sector",All establishment sizes,85,2391,2401,2411,15467520,11569690,104707,496,,1.19,1.66,1.67,1.66,1.87,2.16,1.77,1.12,,0,0,100,4.4,124,5.4,64,2.7,1220829,8.6,-308787,-2.6,-91762,-46.7,21,4.4
24017,5,722511,78,0,2024,2,,"Charles County, Maryland",Private,NAICS 722511 Full-service restaurants,"County, NAICS 6-digit -- by ownership sector",All establishment sizes,88,2493,2565,2617,16446502,7275204,81955,495,,1.22,1.7,1.7,1.71,1.81,3.05,2.74,1.07,,3,3.5,123,5.2,157,6.5,129,5.2,1707082,11.6,1495529,25.9,-28362,-25.7,27,5.8
24017,5,722511,78,0,2024,3,,"Charles County, Maryland",Private,NAICS 722511 Full-service restaurants,"County, NAICS 6-digit -- by ownership sector",All establishment sizes,88,2552,2560,2466,16412426,4186070,54629,500,,1.22,1.69,1.73,1.66,1.68,2.28,2.26,0.99,,4,4.8,136,5.6,196,8.3,210,9.3,2093649,14.6,762196,22.3,-10547,-16.2,30,6.4
24017,5,722511,78,0,2024,4,,"Charles County, Maryland",Private,NAICS 722511 Full-service restaurants,"County, NAICS 6-digit -- by ownership sector",All establishment sizes,89,2428,2417,2453,16372573,2900705,34977,518,,1.24,1.63,1.6,1.6,1.76,1.78,1.72,1.09,,4,4.7,206,9.3,176,7.9,219,9.8,2322098,16.5,204672,7.6,-11163,-24.2,34,7
51107,5,722511,78,0,2024,1,,"Loudoun County, Virginia",Private,NAICS 722511 Full-service restaurants,"County, NAICS 6-digit -- by ownership sector",All establishment sizes,314,7116,6975,7094,53508987,40565574,184190,583,,0.98,1.09,1.07,1.07,0.98,1.3,1.46,0.91,,-49,-13.5,6,0.1,-36,-0.5,-120,-1.7,394058,0.7,69195,0.2,-46609,-20.2,8,1.4
51107,5,722511,78,0,2024,2,,"Loudoun County, Virginia",Private,NAICS 722511 Full-service restaurants,"County, NAICS 6-digit -- by ownership sector",All establishment sizes,320,7136,7391,7628,55850708,15506085,97888,582,,0.98,1.06,1.07,1.08,0.94,1.61,2.04,0.88,,9,2.9,-39,-0.5,-45,-0.6,-99,-1.3,443758,0.8,-354304,-2.2,-9018,-8.4,10,1.7
51107,5,722511,78,0,2024,3,,"Loudoun County, Virginia",Private,NAICS 722511 Full-service restaurants,"County, NAICS 6-digit -- by ownership sector",All establishment sizes,321,7529,7406,7165,57466541,11238961,84152,600,,1,1.05,1.05,1.05,0.97,1.37,1.74,0.92,,6,1.9,-110,-1.4,-84,-1.1,-21,-0.3,635984,1.1,-308974,-2.7,4532,5.7,12,2
51107,5,722511,78,0,2024,4,,"Loudoun County, Virginia",Private,NAICS 722511 Full-service restaurants,"County, NAICS 6-digit -- by ownership sector",All establishment sizes,317,7140,7122,7243,58198057,8581897,65703,625,,0.98,1.05,1.04,1.05,0.95,1.2,1.49,0.91,,-6,-1.9,-25,-0.3,-106,-1.5,6,0.1,2060155,3.7,-782091,-8.4,-9373,-12.5,26,4.3
24027,5,722511,78,0,2024,1,,"Howard County, Maryland",Private,NAICS 722511 Full-service restaurants,"County, NAICS 6-digit -- by ownership sector",All establishment sizes,204,5554,5551,5640,41009081,32274458,286406,565,,0.82,0.95,0.95,0.95,0.83,1.09,0.85,0.87,,11,5.7,119,2.2,200,3.7,229,4.2,1358505,3.4,1308615,4.2,-211430,-42.5,0,0
24027,5,722511,78,0,2024,2,,"Howard County, Maryland",Private,NAICS 722511 Full-service restaurants,"County, NAICS 6-digit -- by ownership sector",All establishment sizes,212,5863,6018,6234,45305587,14711569,149430,577,,0.85,0.98,0.98,1,0.85,1.77,1.44,0.86,,21,11,427,7.9,541,9.9,593,10.5,5507891,13.8,1874570,14.6,-61187,-29.1,22,4
24027,5,722511,78,0,2024,3,,"Howard County, Maryland",Private,NAICS 722511 Full-service restaurants,"County, NAICS 6-digit -- by ownership sector",All establishment sizes,218,6186,6132,5917,43461050,10336720,119431,550,,0.87,1,1.01,1,0.8,1.44,1.25,0.8,,23,11.8,474,8.3,432,7.6,444,8.1,3113458,7.7,1336954,14.9,-32039,-21.2,-1,-0.2
24027,5,722511,78,0,2024,4,,"Howard County, Maryland",Private,NAICS 722511 Full-service restaurants,"County, NAICS 6-digit -- by ownership sector",All establishment sizes,220,5936,5907,6017,45215267,8269074,99150,584,,0.88,1.01,1.01,1.02,0.84,1.4,1.25,0.83,,23,11.7,500,9.2,501,9.3,660,12.3,5548078,14,802322,10.7,-23657,-19.3,19,3.4
24003,1,722511,78,0,2024,1,,"Anne Arundel County, Maryland",Federal Government,NAICS 722511 Full-service restaurants,"County, NAICS 6-digit -- by ownership sector",All establishment sizes,1,43,43,44,713762,0,0,1267,,6.81,11.54,11.01,11.12,24.96,0,0,2.22,,0,0,7,19.4,4,10.3,5,12.8,94530,15.3,0,0,0,0,13,1
24003,1,722511,78,0,2024,2,,"Anne Arundel County, Maryland",Federal Government,NAICS 722511 Full-service restaurants,"County, NAICS 6-digit -- by ownership sector",All establishment sizes,1,45,43,43,614040,0,0,1082,,7.05,11.35,10.65,10.61,18.89,0,0,1.74,,0,0,4,9.8,-1,-2.3,-3,-6.5,17509,2.9,0,0,0,0,31,2.9
24003,1,722511,78,0,2024,3,,"Anne Arundel County, Maryland",Federal Government,NAICS 722511 Full-service restaurants,"County, NAICS 6-digit -- by ownership sector",All establishment sizes,1,42,42,41,743753,0,0,1373,,7.22,10.44,10.39,10.12,23.5,0,0,2.28,,0,0,0,0,1,2.4,-2,-4.7,54174,7.9,0,0,0,0,110,8.7
24003,1,722511,78,0,2024,4,,"Anne Arundel County, Maryland",Federal Government,NAICS 722511 Full-service restaurants,"County, NAICS 6-digit -- by ownership sector",All establishment sizes,1,40,45,44,740996,0,0,1326,,7.29,9.95,11.03,11.03,22.13,0,0,2.07,,0,0,-3,-7,1,2.3,1,2.3,154176,26.3,0,0,0,0,284,27.3
24003,5,722511,78,0,2024,1,,"Anne Arundel County, Maryland",Private,NAICS 722511 Full-service restaurants,"County, NAICS 6-digit -- by ownership sector",All establishment sizes,395,12631,12602,12951,93655614,72678580,741066,566,,1.12,1.31,1.3,1.32,1.24,1.63,1.6,0.95,,7,1.8,543,4.5,532,4.4,806,6.6,6201494,7.1,3601668,5.2,-466725,-38.6,10,1.8
24003,5,722511,78,0,2024,2,,"Anne Arundel County, Maryland",Private,NAICS 722511 Full-service restaurants,"County, NAICS 6-digit -- by ownership sector",All establishment sizes,386,13032,13534,13879,103180941,34257958,378031,589,,1.1,1.32,1.34,1.34,1.28,2.42,2.22,0.96,,-6,-1.5,561,4.5,468,3.6,454,3.4,5509471,5.6,604651,1.8,-281133,-42.6,10,1.7
24003,5,722511,78,0,2024,3,,"Anne Arundel County, Maryland",Private,NAICS 722511 Full-service restaurants,"County, NAICS 6-digit -- by ownership sector",All establishment sizes,391,13782,13750,13260,102296376,22043032,262471,579,,1.12,1.35,1.36,1.34,1.22,1.89,1.77,0.9,,-2,-0.5,262,1.9,500,3.8,588,4.6,6116608,6.4,372483,1.7,-119333,-31.3,16,2.8
24003,5,722511,78,0,2024,4,,"Anne Arundel County, Maryland",Private,NAICS 722511 Full-service restaurants,"County, NAICS 6-digit -- by ownership sector",All establishment sizes,400,13295,13456,13567,107366649,18497308,228371,615,,1.15,1.35,1.36,1.36,1.33,1.86,1.78,0.98,,4,1,860,6.9,1199,9.8,1252,10.2,10560277,10.9,2646284,16.7,-33639,-12.8,11,1.8
24017,5,722511,78,0,2025,1,,"Charles County, Maryland",Private,NAICS 722511 Full-service restaurants,"County, NAICS 6-digit -- by ownership sector",All establishment sizes,92,2449,2416,2348,15481151,12839933,125302,495,,1.28,1.65,1.63,1.59,1.84,2.24,1.91,1.13,,7,8.2,58,2.4,15,0.6,-63,-2.6,13631,0.1,1270243,11,20595,19.7,-1,-0.2
24017,5,722511,78,0,2025,2,,"Charles County, Maryland",Private,NAICS 722511 Full-service restaurants,"County, NAICS 6-digit -- by ownership sector",All establishment sizes,89,2465,2518,2523,16929460,6172432,70375,520,,1.23,1.66,1.66,1.64,1.8,2.69,2.49,1.09,,1,1.1,-28,-1.1,-47,-1.8,-94,-3.6,482958,2.9,-1102772,-15.2,-11580,-14.1,25,5.1
51107,5,722511,78,0,2025,1,,"Loudoun County, Virginia",Private,NAICS 722511 Full-service restaurants,"County, NAICS 6-digit -- by ownership sector",All establishment sizes,311,7131,6985,7065,53370976,40545198,137729,581,,0.96,1.06,1.04,1.03,0.95,1.25,0.95,0.91,,-3,-1,15,0.2,10,0.1,-29,-0.4,-138011,-0.3,-20376,-0.1,-46461,-25.2,-2,-0.3
51107,5,722511,78,0,2025,2,,"Loudoun County, Virginia",Private,NAICS 722511 Full-service restaurants,"County, NAICS 6-digit -- by ownership sector",All establishment sizes,316,6992,7310,7493,58192266,15152217,75367,616,,0.97,1,1.02,1.03,0.94,1.52,1.46,0.92,,-4,-1.2,-144,-2,-81,-1.1,-135,-1.8,2341558,4.2,-353868,-2.3,-22521,-23,34,5.8
24027,5,722511,78,0,2025,1,,"Howard County, Maryland",Private,NAICS 722511 Full-service restaurants,"County, NAICS 6-digit -- by ownership sector",All establishment sizes,232,5927,5797,5962,41740069,32353018,313897,545,,0.92,1.03,1,1.02,0.86,1.13,0.91,0.84,,28,13.7,373,6.7,246,4.4,322,5.7,730988,1.8,78560,0.2,27491,9.6,-20,-3.5
24027,5,722511,78,0,2025,2,,"Howard County, Maryland",Private,NAICS 722511 Full-service restaurants,"County, NAICS 6-digit -- by ownership sector",All establishment sizes,236,5897,6071,6098,44821956,14625999,164858,573,,0.93,1,1.01,1,0.82,1.82,1.65,0.82,,24,11.3,34,0.6,53,0.9,-136,-2.2,-483631,-1.1,-85570,-0.6,15428,10.3,-4,-0.7
24003,1,722511,78,0,2025,1,,"Anne Arundel County, Maryland",Federal Government,NAICS 722511 Full-service restaurants,"County, NAICS 6-digit -- by ownership sector",All establishment sizes,1,43,44,43,671338,0,0,1192,,7.37,11.49,11.28,11.02,25.53,0,0,2.27,,0,0,0,0,1,2.3,-1,-2.3,-42424,-5.9,0,0,0,0,-75,-5.9
24003,1,722511,78,0,2025,2,,"Anne Arundel County, Maryland",Federal Government,NAICS 722511 Full-service restaurants,"County, NAICS 6-digit -- by ownership sector",All establishment sizes,1,45,48,49,699432,0,0,1137,,7.21,11.71,12.25,12.44,22.3,0,0,1.84,,0,0,0,0,5,11.6,6,14,85392,13.9,0,0,0,0,55,5.1
24003,5,722511,78,0,2025,1,,"Anne Arundel County, Maryland",Private,NAICS 722511 Full-service restaurants,"County, NAICS 6-digit -- by ownership sector",All establishment sizes,405,13100,12923,13038,93855152,73244502,675804,554,,1.16,1.35,1.33,1.32,1.26,1.62,1.33,0.95,,10,2.5,469,3.7,321,2.5,87,0.7,199538,0.2,565922,0.8,-65262,-8.8,-12,-2.1
24003,5,722511,78,0,2025,2,,"Anne Arundel County, Maryland",Private,NAICS 722511 Full-service restaurants,"County, NAICS 6-digit -- by ownership sector",All establishment sizes,405,13271,13794,14112,105322196,34358822,342078,590,,1.14,1.33,1.35,1.36,1.26,2.47,1.97,0.93,,19,4.9,239,1.8,260,1.9,233,1.7,2141255,2.1,100864,0.3,-35953,-9.5,1,0.2
11001,1,722511,78,0,2025,1,,District of Columbia,Federal Government,NAICS 722511 Full-service restaurants,"County, NAICS 6-digit -- by ownership sector",All establishment sizes,2,441,440,439,2382065,0,0,416,,4.58,45.36,43.37,43.51,21.43,0,0,0.49,,0,0,-5,-1.1,-1,-0.2,-4,-0.9,5836,0.2,0,0,0,0,4,1
11001,1,722511,78,0,2025,2,,District of Columbia,Federal Government,NAICS 722511 Full-service restaurants,"County, NAICS 6-digit -- by ownership sector",All establishment sizes,2,442,439,439,2392733,0,0,418,,4.58,44.62,43.94,43.79,19.49,0,0,0.44,,0,0,-1,-0.2,-3,-0.7,-2,-0.5,-38920,-1.6,0,0,0,0,-5,-1.2
11001,5,722511,78,0,2025,1,,District of Columbia,Private,NAICS 722511 Full-service restaurants,"County, NAICS 6-digit -- by ownership sector",All establishment sizes,1130,28177,28509,28786,298853441,210960252,4520670,807,,1.01,1.11,1.13,1.13,0.95,2,2.37,0.85,,2,0.2,-254,-0.9,-349,-1.2,-491,-1.7,8168767,2.8,2264196,1.1,137274,3.1,32,4.1
11001,5,722511,78,0,2025,2,,District of Columbia,Private,NAICS 722511 Full-service restaurants,"County, NAICS 6-digit -- by ownership sector",All establishment sizes,1149,30099,30459,30337,339197533,77301518,1704924,861,,1.03,1.17,1.17,1.15,1.04,2.85,3,0.89,,10,0.9,-260,-0.9,-311,-1,-783,-2.5,14243479,4.4,-1580476,-2,-11029,-0.6,48,5.9
24031,5,722511,78,0,2025,1,,"Montgomery County, Maryland",Private,NAICS 722511 Full-service restaurants,"County, NAICS 6-digit -- by ownership sector",All establishment sizes,681,13018,12933,13154,104494490,79586309,797273,617,,0.87,0.84,0.83,0.84,0.69,1.16,1.02,0.82,,38,5.9,-145,-1.1,-203,-1.5,-53,-0.4,-1280070,-1.2,-2305288,-2.8,70547,9.7,-1,-0.2
24031,5,722511,78,0,2025,2,,"Montgomery County, Maryland",Private,NAICS 722511 Full-service restaurants,"County, NAICS 6-digit -- by ownership sector",All establishment sizes,688,12928,13141,13287,111775915,31373910,346572,655,,0.86,0.82,0.82,0.82,0.74,1.63,1.56,0.89,,42,6.5,-495,-3.7,-429,-3.2,-389,-2.8,-735611,-0.7,-1363999,-4.2,31453,10,17,2.7
24033,1,722511,78,0,2025,1,,"Prince George's County, Maryland",Federal Government,NAICS 722511 Full-service restaurants,"County, NAICS 6-digit -- by ownership sector",All establishment sizes,1,9,11,12,25903,0,0,187,,6.25,2.14,2.48,2.74,0.94,0,0,0.38,,0,0,-6,-40,-6,-35.3,-4,-25,-11638,-31,0,0,0,0,7,3.9
24033,1,722511,78,0,2025,2,,"Prince George's County, Maryland",Federal Government,NAICS 722511 Full-service restaurants,"County, NAICS 6-digit -- by ownership sector",All establishment sizes,1,16,17,14,53663,0,0,263,,6.17,3.71,3.88,3.19,1.63,0,0,0.45,,0,0,2,14.3,2,13.3,0,0,-3063,-5.4,0,0,0,0,-41,-13.5
24033,5,722511,78,0,2025,1,,"Prince George's County, Maryland",Private,NAICS 722511 Full-service restaurants,"County, NAICS 6-digit -- by ownership sector",All establishment sizes,412,8021,8105,8120,58527079,46217467,522844,557,,1,0.73,0.73,0.73,0.75,1.05,0.93,1.02,,7,1.7,-194,-2.4,-245,-2.9,-325,-3.8,272039,0.5,-709589,-1.5,59863,12.9,19,3.5
24033,5,722511,78,0,2025,2,,"Prince George's County, Maryland",Private,NAICS 722511 Full-service restaurants,"County, NAICS 6-digit -- by ownership sector",All establishment sizes,425,8356,8485,8355,62757969,20464269,250220,575,,1.02,0.75,0.74,0.72,0.72,1.36,1.28,0.97,,15,3.7,-139,-1.6,-205,-2.4,-214,-2.5,1809315,3,-969598,-4.5,7437,3.1,29,5.3
51013,1,722511,78,0,2025,1,,"Arlington County, Virginia",Federal Government,NAICS 722511 Full-service restaurants,"County, NAICS 6-digit -- by ownership sector",All establishment sizes,1,21,21,24,163191,0,0,571,,12.41,8.83,8.48,9.82,5.84,0,0,0.65,,0,0,-1,-4.5,-3,-12.5,0,0,-103460,-38.8,0,0,0,0,-308,-35
51013,1,722511,78,0,2025,2,,"Arlington County, Virginia",Federal Government,NAICS 722511 Full-service restaurants,"County, NAICS 6-digit -- by ownership sector",All establishment sizes,1,20,22,22,179953,0,0,649,,12.27,8.33,9.03,9.02,5.82,0,0,0.66,,0,0,-3,-13,0,0,1,4.8,-41370,-18.7,0,0,0,0,-125,-16.1
51013,5,722511,78,0,2025,1,,"Arlington County, Virginia",Private,NAICS 722511 Full-service restaurants,"County, NAICS 6-digit -- by ownership sector",All establishment sizes,251,6156,6070,6059,51764936,38598015,172968,653,,1.21,0.99,0.98,0.98,0.65,1.22,1.32,0.66,,-3,-1.2,-32,-0.5,-62,-1,-179,-2.9,-1147730,-2.2,-586488,-1.5,4560,2.7,-5,-0.8
51013,5,722511,78,0,2025,2,,"Arlington County, Virginia",Private,NAICS 722511 Full-service restaurants,"County, NAICS 6-digit -- by ownership sector",All establishment sizes,253,6161,6368,6363,55539483,13338881,70844,678,,1.21,0.99,1.01,0.99,0.67,2.02,2.31,0.68,,-5,-1.9,-262,-4.1,-77,-1.2,-222,-3.4,-531727,-0.9,-1519451,-10.2,-33715,-32.2,13,2
51059,5,722511,78,0,2025,1,,"Fairfax County, Virginia",Private,NAICS 722511 Full-service restaurants,"County, NAICS 6-digit -- by ownership sector",All establishment sizes,902,19733,19495,19695,173838563,122822054,516089,681,,1.07,0.93,0.91,0.91,0.72,1.09,1.01,0.78,,16,1.8,83,0.4,-17,-0.1,19,0.1,-1003350,-0.6,-690694,-0.6,-38514,-6.9,-5,-0.7
51059,5,722511,78,0,2025,2,,"Fairfax County, Virginia",Private,NAICS 722511 Full-service restaurants,"County, NAICS 6-digit -- by ownership sector",All establishment sizes,909,19453,19740,19985,176243190,41374670,213436,687,,1.07,0.9,0.89,0.88,0.69,1.6,1.58,0.77,,9,1,-7,0,-239,-1.2,-448,-2.2,4481705,2.6,-457233,-1.1,-14106,-6.2,25,3.8
51510,5,722511,78,0,2025,1,,"Alexandria City, Virginia",Private,NAICS 722511 Full-service restaurants,"County, NAICS 6-digit -- by ownership sector",All establishment sizes,173,4686,4633,4742,38057185,28381769,110979,625,,1.26,1.74,1.71,1.74,1.62,2.38,2,0.94,,3,1.8,-162,-3.3,-120,-2.5,-139,-2.8,-1099493,-2.8,-817356,-2.8,4317,4,1,0.2
51510,5,722511,78,0,2025,2,,"Alexandria City, Virginia",Private,NAICS 722511 Full-service restaurants,"County, NAICS 6-digit -- by ownership sector",All establishment sizes,178,4882,5058,5118,43713112,10949682,43284,670,,1.29,1.77,1.8,1.78,1.65,3.41,2.67,0.93,,4,2.3,-221,-4.3,-186,-3.5,-215,-4,-374287,-0.8,-1035872,-8.6,-12353,-22.2,21,3.2
24027,5,722511,78,0,2018,1,,"Howard County, Maryland",Private,NAICS 722511 Full-service restaurants,"County, NAICS 6-digit -- by ownership sector",All establishment sizes,173,5466,5363,5394,29013166,25210388,243862,413,,0.7,0.87,0.86,0.85,0.74,0.89,0.56,0.86,,-2,-1.1,138,2.6,18,0.3,77,1.4,918547,3.3,992384,4.1,-17183,-6.6,8,2
24027,5,722511,78,0,2018,2,,"Howard County, Maryland",Private,NAICS 722511 Full-service restaurants,"County, NAICS 6-digit -- by ownership sector",All establishment sizes,173,5416,5517,5552,29631641,13464209,139619,415,,0.7,0.84,0.84,0.83,0.69,1.33,0.87,0.82,,-2,-1.1,124,2.3,96,1.8,59,1.1,1294334,4.6,264825,2,-2481,-1.7,11,2.7
24027,5,722511,78,0,2018,3,,"Howard County, Maryland",Private,NAICS 722511 Full-service restaurants,"County, NAICS 6-digit -- by ownership sector",All establishment sizes,180,5563,5493,5434,29424789,8578620,97974,412,,0.72,0.83,0.83,0.84,0.67,0.1,0.17,0.8,,4,2.3,149,2.8,131,2.4,80,1.5,1099090,3.9,556701,6.9,5753,6.2,7,1.7
24027,5,722511,78,0,2018,4,,"Howard County, Maryland",Private,NAICS 722511 Full-service restaurants,"County, NAICS 6-digit -- by ownership sector",All establishment sizes,172,5559,5509,5550,30545935,7510848,96025,424,,0.69,0.88,0.87,0.88,0.72,1.07,0.83,0.82,,-1,-0.6,304,5.8,241,4.6,352,6.8,2231553,7.9,768951,11.4,18017,23.1,8,1.9
